id,caminho_original,nome_original,caminho_final,nome_final,categoria,pagina_associada,qualidade,orientacao,confianca,status,sha256,observacoes
001,logotipo-520x520.png,logotipo-520x520.png,IMAGENS_MARCUS_REBOQUE/01_IDENTIDADE_VISUAL/marcus-reboque-logotipo-fortaleza-ce-01.png,marcus-reboque-logotipo-fortaleza-ce-01.png,01_LOGOTIPOS,identidade visual,alta,quadrada,alto,renomeado_e_organizado,86310A403CC941B7363307810B90A81C072958FF59436FC087B889B5415DBD3D,arquivo de marca; preservar proporcao quadrada
002,Photos-3-001/7f119755-2119-4a7f-be97-56dcbdd6f8b8.jpg,7f119755-2119-4a7f-be97-56dcbdd6f8b8.jpg,IMAGENS_MARCUS_REBOQUE/03_SERVICOS/12_PEQUENAS_CARGAS/marcus-reboque-transporte-pequenas-cargas-fortaleza-ce-01.jpg,marcus-reboque-transporte-pequenas-cargas-fortaleza-ce-01.jpg,14_PEQUENAS_CARGAS,pequenas cargas,media,quadrada,alto,renomeado_e_organizado,153F323523F800DBD8A71E3C5A9AB87C26814FD256C56589D09721636BFD8AFD,carga bem identificavel; amarracao visivel
003,Photos-3-001/9fd0c14f-2416-4990-a1b8-050f3f983b42.jpg,9fd0c14f-2416-4990-a1b8-050f3f983b42.jpg,IMAGENS_MARCUS_REBOQUE/99_PENDENTES_DE_REVISAO/CLASSIFICACAO_INCONCLUSA/9fd0c14f-2416-4990-a1b8-050f3f983b42.jpg,9fd0c14f-2416-4990-a1b8-050f3f983b42.jpg,10_MAQUINAS_AGRICOLAS,maquinas agricolas,media,quadrada,medio,pendente_movido_sem_renomear,2EAB123D17D4DCF4AF1D20AFFA0D1C40F49ED81D40C3F9FCE913E8E46AD7DE6B,confianca media na identificacao/categoria registrada na auditoria; validar classificacao visual com responsavel antes de renomear/publicar; maquina compacta; nao e possivel confirmar uso agricola
004,Photos-3-001/78d20617-5dd3-4494-b42f-061f4561708c.jpg,78d20617-5dd3-4494-b42f-061f4561708c.jpg,IMAGENS_MARCUS_REBOQUE/03_SERVICOS/02_CARROS/marcus-reboque-guincho-carro-fortaleza-ce-01.jpg,marcus-reboque-guincho-carro-fortaleza-ce-01.jpg,04_CARROS,carros,alta,quadrada,alto,renomeado_e_organizado,0A55D11B4C61497189F7C3495A21740D80E65D5715C2D5540BD475038D509941,imagem clara do servico
005,Photos-3-001/694e2c35-ff23-44b8-80ea-b343e4bf9660.jpg,694e2c35-ff23-44b8-80ea-b343e4bf9660.jpg,IMAGENS_MARCUS_REBOQUE/03_SERVICOS/02_CARROS/marcus-reboque-guincho-carro-fortaleza-ce-02.jpg,marcus-reboque-guincho-carro-fortaleza-ce-02.jpg,04_CARROS,carros,media,quadrada,alto,renomeado_e_organizado,C5A14DECD0D232BC9433747A7C8567E5AE4BEC99DF8A23217F1BEAC66A5E2F55,possivel sequencia de atendimento com sedan vermelho
006,Photos-3-001/c4ca50b7-8799-4452-8ec1-c8798d201b4b.jpg,c4ca50b7-8799-4452-8ec1-c8798d201b4b.jpg,IMAGENS_MARCUS_REBOQUE/03_SERVICOS/04_VANS/marcus-reboque-guincho-van-fortaleza-ce-01.jpg,marcus-reboque-guincho-van-fortaleza-ce-01.jpg,06_VANS,vans,media,quadrada,alto,renomeado_e_organizado,743DE2111E68D29F36531417C53BA1E3D4C40BA1A231C0DF008FD36BFCDD64C6,ha marca de terceiro no veiculo transportado; usar com cautela
007,Photos-3-001/c48ccf76-6e68-4b38-bf80-d9a7ebe008e9.jpg,c48ccf76-6e68-4b38-bf80-d9a7ebe008e9.jpg,IMAGENS_MARCUS_REBOQUE/03_SERVICOS/01_MOTOS/marcus-reboque-guincho-moto-fortaleza-ce-01.jpg,marcus-reboque-guincho-moto-fortaleza-ce-01.jpg,03_MOTOS,motos e motocicletas,alta,quadrada,alto,renomeado_e_organizado,DA2D7026667D52E04F8DBE858AFF5C8EA6879983FB9DE653C6C60BCD7B93D78A,moto bem visivel
008,Photos-3-001/unnamed (1).webp,unnamed (1).webp,IMAGENS_MARCUS_REBOQUE/03_SERVICOS/01_MOTOS/marcus-reboque-guincho-moto-fortaleza-ce-02.webp,marcus-reboque-guincho-moto-fortaleza-ce-02.webp,03_MOTOS,motos e motocicletas,media,quadrada,alto,renomeado_e_organizado,F7460A81C06858A1B248E5EA8EE5171914C939FF7613890AAD8537BF63E6BE41,luz artificial; bom apoio para servico 24h
009,Photos-3-001/unnamed (2).webp,unnamed (2).webp,IMAGENS_MARCUS_REBOQUE/99_PENDENTES_DE_REVISAO/CLASSIFICACAO_INCONCLUSA/unnamed (2).webp,unnamed (2).webp,10_MAQUINAS_AGRICOLAS,maquinas agricolas,media,quadrada,medio,pendente_movido_sem_renomear,58FA47EC51A0B133CC9BC0D7CBA0E034E14DF52684E5F102660FEA61F8E5E93E,confianca media na identificacao/categoria registrada na auditoria; validar classificacao visual com responsavel antes de renomear/publicar; imagem inclinada; maquina claramente visivel
010,Photos-3-001/unnamed (3).webp,unnamed (3).webp,IMAGENS_MARCUS_REBOQUE/03_SERVICOS/02_CARROS/marcus-reboque-guincho-carro-fortaleza-ce-03.webp,marcus-reboque-guincho-carro-fortaleza-ce-03.webp,04_CARROS,carros,media,quadrada,alto,renomeado_e_organizado,3D40C9843A3A36870B2D6E6E3A3A5AFB38DB21DEF706C9DF0E8A7573EC15F738,bom registro de atendimento diurno
011,Photos-3-001/unnamed (4).webp,unnamed (4).webp,IMAGENS_MARCUS_REBOQUE/03_SERVICOS/01_MOTOS/marcus-reboque-guincho-moto-fortaleza-ce-03.webp,marcus-reboque-guincho-moto-fortaleza-ce-03.webp,03_MOTOS,motos e motocicletas,media,quadrada,alto,renomeado_e_organizado,93EA35B334B19FF2F2627A8CDA8CD76B8C13034FE7D6A575FFD6AB6938E75A53,"imagem clara, com enquadramento central"
012,Photos-3-001/unnamed (5).webp,unnamed (5).webp,IMAGENS_MARCUS_REBOQUE/03_SERVICOS/03_CAMINHONETES/marcus-reboque-guincho-caminhonete-fortaleza-ce-01.webp,marcus-reboque-guincho-caminhonete-fortaleza-ce-01.webp,05_CAMINHONETES,caminhonetes,media,quadrada,alto,renomeado_e_organizado,232DA2BBEAAE18DC11EA47BC67713D9B4332FC59B2E06CAEACA39FD95F50E2FC,data sobreposta no canto; possivel mesmo atendimento de #023
013,Photos-3-001/unnamed (6).webp,unnamed (6).webp,IMAGENS_MARCUS_REBOQUE/03_SERVICOS/09_VEICULOS_ANTIGOS/marcus-reboque-transporte-veiculo-antigo-fortaleza-ce-01.webp,marcus-reboque-transporte-veiculo-antigo-fortaleza-ce-01.webp,11_VEICULOS_ANTIGOS,veiculos antigos,media,quadrada,alto,renomeado_e_organizado,141904826985FE685F824FE7030ADD220B4FC527B482FF299A566308FEEFEA44,veiculo antigo bem caracterizado
014,Photos-3-001/unnamed (7).webp,unnamed (7).webp,IMAGENS_MARCUS_REBOQUE/02_HERO/marcus-reboque-hero-guincho-caminhonete-fortaleza-ce-01.webp,marcus-reboque-hero-guincho-caminhonete-fortaleza-ce-01.webp,02_HERO,hero,alta,horizontal,alto,renomeado_e_organizado,829048DB86245F4ABAEDDBFF4F3A8D650AD766D27860679656CB7DFD1A557CC0,"horizontal, veiculo e caminhonete plataforma claros"
015,Photos-3-001/unnamed (8).webp,unnamed (8).webp,IMAGENS_MARCUS_REBOQUE/03_SERVICOS/11_PEQUENOS_CAMINHOES/marcus-reboque-guincho-pequeno-caminhao-fortaleza-ce-01.webp,marcus-reboque-guincho-pequeno-caminhao-fortaleza-ce-01.webp,13_PEQUENOS_CAMINHOES,pequenos caminhoes,alta,horizontal,alto,renomeado_e_organizado,2B28D571C7C85A0205A5C6F5B37C2E787A43139A8154AABA2350854CBFB666CE,"boa composicao horizontal, mas com letreiros de fundo"
016,Photos-3-001/unnamed (9).webp,unnamed (9).webp,IMAGENS_MARCUS_REBOQUE/99_PENDENTES_DE_REVISAO/CLASSIFICACAO_INCONCLUSA/unnamed (9).webp,unnamed (9).webp,10_MAQUINAS_AGRICOLAS,maquinas agricolas,media,quadrada,medio,pendente_movido_sem_renomear,9D5D978109A69277B563D496E5158EF5EC8DFC08FBCB7112A876E07F7FDE7997,confianca media na identificacao/categoria registrada na auditoria; validar classificacao visual com responsavel antes de renomear/publicar; equipamento rebocavel; tipo exato nao comprovado
017,Photos-3-001/unnamed (10).webp,unnamed (10).webp,IMAGENS_MARCUS_REBOQUE/03_SERVICOS/02_CARROS/marcus-reboque-guincho-carro-fortaleza-ce-04.webp,marcus-reboque-guincho-carro-fortaleza-ce-04.webp,04_CARROS,carros,alta,quadrada,alto,renomeado_e_organizado,A569704D27C61C46B1A45334D0CFA44684A1DF2A79B28678A916F4DAC1E09D7D,boa presenca da marca Marcus Reboque
018,Photos-3-001/unnamed (11).webp,unnamed (11).webp,IMAGENS_MARCUS_REBOQUE/03_SERVICOS/03_CAMINHONETES/marcus-reboque-guincho-caminhonete-fortaleza-ce-02.webp,marcus-reboque-guincho-caminhonete-fortaleza-ce-02.webp,05_CAMINHONETES,caminhonetes,alta,quadrada,alto,renomeado_e_organizado,5FE55B95D5C1A369F3B5A7386FFB16191F8C530BFCA0178FBC29CAAE21B939E7,veiculo bem visivel; marca de posto no fundo
019,Photos-3-001/unnamed (12).webp,unnamed (12).webp,IMAGENS_MARCUS_REBOQUE/03_SERVICOS/02_CARROS/marcus-reboque-guincho-carro-fortaleza-ce-05.webp,marcus-reboque-guincho-carro-fortaleza-ce-05.webp,04_CARROS,carros,baixa,quadrada,alto,renomeado_e_organizado,BDB919FA3D16DA1303F69742FDCDBFE6E0854F4CAD46E87CC1C842B12AD7D180,resolucao/compressao mais baixa
020,Photos-3-001/unnamed (13).webp,unnamed (13).webp,IMAGENS_MARCUS_REBOQUE/03_SERVICOS/07_BARCOS_E_JET_SKIS/marcus-reboque-transporte-barco-fortaleza-ce-01.webp,marcus-reboque-transporte-barco-fortaleza-ce-01.webp,09_BARCOS_E_JET_SKIS,barcos e jet skis,media,quadrada,alto,renomeado_e_organizado,8FF1CA537A007776B25500496AC783250F9797DEBBD76F9E5F76DA3EC1A354BD,"barco visivel, foto contra luz"
021,Photos-3-001/unnamed (14).webp,unnamed (14).webp,IMAGENS_MARCUS_REBOQUE/03_SERVICOS/02_CARROS/marcus-reboque-guincho-carro-fortaleza-ce-06.webp,marcus-reboque-guincho-carro-fortaleza-ce-06.webp,04_CARROS,carros,alta,horizontal,alto,renomeado_e_organizado,40DE5C410370AC5476CA867A4FC2243849AF2EE238DA7E3D35ACB8931A9FB2F5,horizontal e limpa; boa para bloco de servico
022,Photos-3-001/unnamed (15).webp,unnamed (15).webp,IMAGENS_MARCUS_REBOQUE/02_HERO/marcus-reboque-hero-guincho-moto-fortaleza-ce-01.webp,marcus-reboque-hero-guincho-moto-fortaleza-ce-01.webp,02_HERO,hero,alta,horizontal,alto,renomeado_e_organizado,25F5F259A068AE7CD362D9E341843455A44AFE72E051A2B88E0DC4265FAE0655,"horizontal, caminh?o e motos claros"
023,Photos-3-001/unnamed (16).webp,unnamed (16).webp,IMAGENS_MARCUS_REBOQUE/02_HERO/marcus-reboque-hero-guincho-caminhonete-fortaleza-ce-02.webp,marcus-reboque-hero-guincho-caminhonete-fortaleza-ce-02.webp,02_HERO,hero,alta,horizontal,alto,renomeado_e_organizado,40B5366E9EDB531168409C4A11E5E62E4659F543AE6C53A1520EBFD040DAF969,"horizontal, limpo e com boa leitura do veiculo"
024,Photos-3-001/unnamed (17).webp,unnamed (17).webp,IMAGENS_MARCUS_REBOQUE/03_SERVICOS/10_EMPILHADEIRAS/marcus-reboque-transporte-empilhadeira-fortaleza-ce-01.webp,marcus-reboque-transporte-empilhadeira-fortaleza-ce-01.webp,12_EMPILHADEIRAS,empilhadeiras,media,vertical,alto,renomeado_e_organizado,5ED1CA4B50F4DB206C1B4F27266E3583D5CDF876ABA4947D746E144131D0C0DC,vertical; equipamento bem identificado
025,Photos-3-001/unnamed (18).webp,unnamed (18).webp,IMAGENS_MARCUS_REBOQUE/03_SERVICOS/04_VANS/marcus-reboque-guincho-van-fortaleza-ce-02.webp,marcus-reboque-guincho-van-fortaleza-ce-02.webp,06_VANS,vans,media,quadrada,alto,renomeado_e_organizado,88EB31FD5492BD9C65FC6ED75B3D1FE8F8034EE6566C274E9032BC63FFD227C0,enquadramento fechado
026,Photos-3-001/unnamed (19).webp,unnamed (19).webp,IMAGENS_MARCUS_REBOQUE/10_ATENDIMENTOS_REAIS/marcus-reboque-atendimento-real-carro-danificado-fortaleza-ce-01.webp,marcus-reboque-atendimento-real-carro-danificado-fortaleza-ce-01.webp,20_ATENDIMENTOS_REAIS,transporte emergencial / atendimentos reais,media,quadrada,alto,renomeado_e_organizado,E29DC305D1732F23E292A2D010FF52650CE3A0CAEA09CE4E99A3D575D11B2CDF,veiculo batido; nao ha pessoas feridas visiveis; usar com cautela
027,Photos-3-001/unnamed (20).webp,unnamed (20).webp,IMAGENS_MARCUS_REBOQUE/03_SERVICOS/04_VANS/marcus-reboque-guincho-van-fortaleza-ce-03.webp,marcus-reboque-guincho-van-fortaleza-ce-03.webp,06_VANS,vans,media,quadrada,alto,renomeado_e_organizado,940378B25779FAED60AE5C735E86252D48EDDD2E8D36FAF7C77E178F38CB2788,processo de embarque visivel
028,Photos-3-001/unnamed (21).webp,unnamed (21).webp,IMAGENS_MARCUS_REBOQUE/03_SERVICOS/03_CAMINHONETES/marcus-reboque-guincho-caminhonete-fortaleza-ce-03.webp,marcus-reboque-guincho-caminhonete-fortaleza-ce-03.webp,05_CAMINHONETES,caminhonetes,media,quadrada,alto,renomeado_e_organizado,9F1D884BA9BCB9E6DB572842136392839664AA8127431C5243B64AEF81289D9C,"bom registro de embarque, com inclinacao"
029,Photos-3-001/unnamed (22).webp,unnamed (22).webp,IMAGENS_MARCUS_REBOQUE/02_HERO/marcus-reboque-hero-guincho-carro-fortaleza-ce-01.webp,marcus-reboque-hero-guincho-carro-fortaleza-ce-01.webp,02_HERO,hero,alta,horizontal,alto,renomeado_e_organizado,516F8028EFCA961D94B2536D683B1218136CBAF5155050FE356CBFCDF251CD8C,"horizontal, veiculo e plataforma claros"
030,Photos-3-001/unnamed (23).webp,unnamed (23).webp,IMAGENS_MARCUS_REBOQUE/03_SERVICOS/02_CARROS/marcus-reboque-guincho-carro-fortaleza-ce-07.webp,marcus-reboque-guincho-carro-fortaleza-ce-07.webp,04_CARROS,carros,alta,horizontal,alto,renomeado_e_organizado,65A26429D6CEAE8A9623265D3CE14E0890D766C33A4FF313F46C8EC2F4712293,boa foto horizontal
031,Photos-3-001/unnamed (24).webp,unnamed (24).webp,IMAGENS_MARCUS_REBOQUE/03_SERVICOS/12_PEQUENAS_CARGAS/marcus-reboque-transporte-pequenas-cargas-fortaleza-ce-02.webp,marcus-reboque-transporte-pequenas-cargas-fortaleza-ce-02.webp,14_PEQUENAS_CARGAS,pequenas cargas,media,quadrada,alto,renomeado_e_organizado,18E2B412A08A3E994F4A3121E793AF3EBBEA935FD356F5C269A9956E29E83D1F,carga longa e amarrada
032,Photos-3-001/unnamed (25).webp,unnamed (25).webp,IMAGENS_MARCUS_REBOQUE/03_SERVICOS/11_PEQUENOS_CAMINHOES/marcus-reboque-guincho-pequeno-caminhao-fortaleza-ce-02.webp,marcus-reboque-guincho-pequeno-caminhao-fortaleza-ce-02.webp,13_PEQUENOS_CAMINHOES,pequenos caminhoes,alta,horizontal,alto,renomeado_e_organizado,C661E843D011235660557A06D77098A9268F534461AF762D0AFBF61F05FD562D,"poste parcialmente na frente, mas veiculo claro"
033,Photos-3-001/unnamed (26).webp,unnamed (26).webp,IMAGENS_MARCUS_REBOQUE/03_SERVICOS/02_CARROS/marcus-reboque-guincho-carro-fortaleza-ce-08.webp,marcus-reboque-guincho-carro-fortaleza-ce-08.webp,04_CARROS,carros,media,quadrada,alto,renomeado_e_organizado,B579F4A89CEDD1FD9C5AF14050B67D65147E9A63EEC9BA434515ECD45B399D96,enquadramento fechado
034,Photos-3-001/unnamed (27).webp,unnamed (27).webp,IMAGENS_MARCUS_REBOQUE/03_SERVICOS/03_CAMINHONETES/marcus-reboque-guincho-caminhonete-fortaleza-ce-04.webp,marcus-reboque-guincho-caminhonete-fortaleza-ce-04.webp,05_CAMINHONETES,caminhonetes,media,quadrada,alto,renomeado_e_organizado,CF5B980F72D64BFCFC9C38FAE68CDE1AD75A091F22B257D2FA469C245F999183,imagem inclinada; veiculo claramente visivel
035,Photos-3-001/unnamed (28).webp,unnamed (28).webp,IMAGENS_MARCUS_REBOQUE/05_CAMINHOES_E_PLATAFORMAS/marcus-reboque-caminhao-plataforma-fortaleza-ce-01.webp,marcus-reboque-caminhao-plataforma-fortaleza-ce-01.webp,15_CAMINHOES_E_PLATAFORMAS,frota / caminhoes e plataformas,media,quadrada,alto,renomeado_e_organizado,720CCD6A707578D69F2F4560633A767AAB93F47AD1C24E6EF51251DF6CAF171C,mostra equipamento de transporte sem veiculo carregado
036,Photos-3-001/unnamed (29).webp,unnamed (29).webp,IMAGENS_MARCUS_REBOQUE/03_SERVICOS/01_MOTOS/marcus-reboque-guincho-moto-fortaleza-ce-04.webp,marcus-reboque-guincho-moto-fortaleza-ce-04.webp,03_MOTOS,motos e motocicletas,alta,horizontal,alto,renomeado_e_organizado,31F764EB54B52180BCD19659048B84AAEC7222E6A249E34881D761F593E269BE,boa presenca do caminhao e motos
037,Photos-3-001/unnamed (30).webp,unnamed (30).webp,IMAGENS_MARCUS_REBOQUE/03_SERVICOS/12_PEQUENAS_CARGAS/marcus-reboque-transporte-pequenas-cargas-fortaleza-ce-03.webp,marcus-reboque-transporte-pequenas-cargas-fortaleza-ce-03.webp,14_PEQUENAS_CARGAS,pequenas cargas,media,quadrada,alto,renomeado_e_organizado,62A69D5E7714B5E5872931BA1D14FF2BBC49A3E11E6987E5C55AE43ED4EF98AF,carga diversa bem visivel
038,Photos-3-001/unnamed (31).webp,unnamed (31).webp,IMAGENS_MARCUS_REBOQUE/99_PENDENTES_DE_REVISAO/CLASSIFICACAO_INCONCLUSA/unnamed (31).webp,unnamed (31).webp,11_VEICULOS_ANTIGOS,veiculos antigos,media,horizontal,medio,pendente_movido_sem_renomear,C993551AAF011B4DA5844340D10A1E24E9D70B639BF1581A651DB92797AD87C8,"confianca media na identificacao/categoria registrada na auditoria; validar classificacao visual com responsavel antes de renomear/publicar; parece veiculo antigo, mas modelo/ano nao comprovados"
039,Photos-3-001/unnamed (32).webp,unnamed (32).webp,IMAGENS_MARCUS_REBOQUE/03_SERVICOS/04_VANS/marcus-reboque-guincho-van-fortaleza-ce-04.webp,marcus-reboque-guincho-van-fortaleza-ce-04.webp,06_VANS,vans,alta,horizontal,alto,renomeado_e_organizado,258306F2EC3C975DE815C1560FAA06F6816C826AD63F52DFE59AAF4BC90C8699,boa foto horizontal
040,Photos-3-001/unnamed (33).webp,unnamed (33).webp,IMAGENS_MARCUS_REBOQUE/03_SERVICOS/03_CAMINHONETES/marcus-reboque-guincho-caminhonete-fortaleza-ce-05.webp,marcus-reboque-guincho-caminhonete-fortaleza-ce-05.webp,05_CAMINHONETES,caminhonetes,baixa,quadrada,alto,renomeado_e_organizado,9496D8DA98CC01258376EBD47124A85DE86794E7D0CF5D4BA54342BD093D6C11,imagem escura e com pouco contraste
041,Photos-3-001/unnamed (34).webp,unnamed (34).webp,IMAGENS_MARCUS_REBOQUE/03_SERVICOS/11_PEQUENOS_CAMINHOES/marcus-reboque-guincho-pequeno-caminhao-fortaleza-ce-03.webp,marcus-reboque-guincho-pequeno-caminhao-fortaleza-ce-03.webp,13_PEQUENOS_CAMINHOES,pequenos caminhoes,baixa,quadrada,alto,renomeado_e_organizado,CEDC16E60CD6E4C3082D04EF5FE8E38F20519CD47876DE8EACDFF7DC7110435E,resolucao/compressao baixa
042,Photos-3-001/unnamed (35).webp,unnamed (35).webp,IMAGENS_MARCUS_REBOQUE/03_SERVICOS/03_CAMINHONETES/marcus-reboque-guincho-caminhonete-fortaleza-ce-06.webp,marcus-reboque-guincho-caminhonete-fortaleza-ce-06.webp,05_CAMINHONETES,caminhonetes,media,quadrada,alto,renomeado_e_organizado,9DB48D2166BC1EAF93DFD8A13FF863EF8B73D55A32AB4E705915FF0B845121F4,veiculo claro; fundo com posto
043,Photos-3-001/unnamed (36).webp,unnamed (36).webp,IMAGENS_MARCUS_REBOQUE/99_PENDENTES_DE_REVISAO/CLASSIFICACAO_INCONCLUSA/unnamed (36).webp,unnamed (36).webp,16_EQUIPAMENTOS_E_FIXACAO,equipamentos e fixacao,baixa,vertical,medio,pendente_movido_sem_renomear,87ACA2DAFCB2B838F06F2C62AAED32001B2DE5B74D088507894257603BF69E99,confianca media na identificacao/categoria registrada na auditoria; validar classificacao visual com responsavel antes de renomear/publicar; vertical; tipo exato do equipamento nao comprovado
044,Photos-3-001/unnamed (37).webp,unnamed (37).webp,IMAGENS_MARCUS_REBOQUE/03_SERVICOS/01_MOTOS/marcus-reboque-guincho-moto-fortaleza-ce-05.webp,marcus-reboque-guincho-moto-fortaleza-ce-05.webp,03_MOTOS,motos e motocicletas,alta,quadrada,alto,renomeado_e_organizado,0600D38AFDF930CFC28871A1910E0DCEF5A0C817A687576CC83D25699A4D9700,imagem limpa e clara
045,Photos-3-001/unnamed (38).webp,unnamed (38).webp,IMAGENS_MARCUS_REBOQUE/99_PENDENTES_DE_REVISAO/INADEQUADAS_PUBLICACAO/unnamed (38).webp,unnamed (38).webp,25_INADEQUADAS_PARA_PUBLICACAO,pendente - inadequada para publicacao,baixa,quadrada,medio,pendente_movido_sem_renomear,8A80BBF42DCE3CFD7EC11B157EA81A358488FD818E7815EF3D0CEBFBFC01900E,inadequada para publicacao direta; validar origem/autorizacao e ocultar dados sensiveis antes de qualquer uso; plataforma sem identidade da empresa e placa/ambiente expostos
046,Photos-3-001/unnamed (39).webp,unnamed (39).webp,IMAGENS_MARCUS_REBOQUE/03_SERVICOS/02_CARROS/marcus-reboque-guincho-carro-fortaleza-ce-09.webp,marcus-reboque-guincho-carro-fortaleza-ce-09.webp,04_CARROS,carros,alta,horizontal,alto,renomeado_e_organizado,923AF929C090BE6D077DCF88CE34F39D7874B627C223F1175B762B1B18214905,boa foto horizontal
047,Photos-3-001/unnamed (40).webp,unnamed (40).webp,IMAGENS_MARCUS_REBOQUE/03_SERVICOS/02_CARROS/marcus-reboque-guincho-carro-fortaleza-ce-10.webp,marcus-reboque-guincho-carro-fortaleza-ce-10.webp,04_CARROS,carros,alta,quadrada,alto,renomeado_e_organizado,6EB173FCB5F911125441947A37CBAB3A347224DF350ABDC8A724CAC37BF19902,veiculo e caminhao bem visiveis
048,Photos-3-001/unnamed (41).webp,unnamed (41).webp,IMAGENS_MARCUS_REBOQUE/06_EQUIPAMENTOS_E_FIXACAO/marcus-reboque-equipamentos-fixacao-fortaleza-ce-02.webp,marcus-reboque-equipamentos-fixacao-fortaleza-ce-02.webp,16_EQUIPAMENTOS_E_FIXACAO,equipamentos e fixacao,media,quadrada,alto,renomeado_e_organizado,CB46BC74D9380B1E86EE9CD2DA683236402FF9C42A466FE9749E48B247F5DF88,amarra??o da carga e cintas visiveis
049,Photos-3-001/unnamed (42).webp,unnamed (42).webp,IMAGENS_MARCUS_REBOQUE/03_SERVICOS/02_CARROS/marcus-reboque-guincho-carro-fortaleza-ce-11.webp,marcus-reboque-guincho-carro-fortaleza-ce-11.webp,04_CARROS,carros,media,quadrada,alto,renomeado_e_organizado,DBC3CEDAE01E44F5BFF8ABBC251CC9E1AD580BD0DFA624E95218CE33DE9C3232,"angulo superior; bom veiculo, pouco espaco para texto"
050,Photos-3-001/unnamed (43).webp,unnamed (43).webp,IMAGENS_MARCUS_REBOQUE/03_SERVICOS/06_VEICULOS_ESPECIAIS/marcus-reboque-transporte-veiculo-especial-fortaleza-ce-01.webp,marcus-reboque-transporte-veiculo-especial-fortaleza-ce-01.webp,08_VEICULOS_ESPECIAIS,veiculos especiais,media,quadrada,alto,renomeado_e_organizado,C11B372A230722E2BD7C979D17270375E14F25CEA0A49A97CCF033E95176D12B,marca/letreiro de terceiro ao fundo
051,Photos-3-001/unnamed (44).webp,unnamed (44).webp,IMAGENS_MARCUS_REBOQUE/99_PENDENTES_DE_REVISAO/CLASSIFICACAO_INCONCLUSA/unnamed (44).webp,unnamed (44).webp,14_PEQUENAS_CARGAS,pequenas cargas,baixa,vertical,medio,pendente_movido_sem_renomear,C6AA6070AA3154ABD7BDB7314EDCB50F3FE7D1459869601F1A28139B93768B7E,confianca media na identificacao/categoria registrada na auditoria; validar classificacao visual com responsavel antes de renomear/publicar; pessoa parcialmente visivel; imagem vertical e com composicao apertada
052,Photos-3-001/unnamed (45).webp,unnamed (45).webp,IMAGENS_MARCUS_REBOQUE/10_ATENDIMENTOS_REAIS/marcus-reboque-atendimento-real-caminhonete-danificada-fortaleza-ce-01.webp,marcus-reboque-atendimento-real-caminhonete-danificada-fortaleza-ce-01.webp,20_ATENDIMENTOS_REAIS,transporte emergencial / atendimentos reais,media,horizontal,alto,renomeado_e_organizado,D1EEA15E26FDCF83CC4D723A8A18F92E8F7651A769CA77FABBC12E85FA95F51B,veiculo avariado; usar com cautela
053,Photos-3-001/unnamed (46).webp,unnamed (46).webp,IMAGENS_MARCUS_REBOQUE/99_PENDENTES_DE_REVISAO/CLASSIFICACAO_INCONCLUSA/unnamed (46).webp,unnamed (46).webp,16_EQUIPAMENTOS_E_FIXACAO,equipamentos e fixacao,media,quadrada,medio,pendente_movido_sem_renomear,AA431600D89071967235372326CD0729FEB555BED48AFA8A8AA2AF1C984B0078,confianca media na identificacao/categoria registrada na auditoria; validar classificacao visual com responsavel antes de renomear/publicar; tipo de equipamento nao identificado com seguranca
054,Photos-3-001/unnamed (47).webp,unnamed (47).webp,IMAGENS_MARCUS_REBOQUE/09_ATENDIMENTO_NOTURNO/marcus-reboque-atendimento-noturno-fortaleza-ce-01.webp,marcus-reboque-atendimento-noturno-fortaleza-ce-01.webp,19_ATENDIMENTO_NOTURNO,auto socorro 24 horas / atendimento noturno,media,quadrada,alto,renomeado_e_organizado,32521648ED84F976CE345A91F118EA0353F416370F0A50F7DDA62CB0B6A3CD28,inclui equipe e caminhao; boa atmosfera para servico 24h
055,Photos-3-001/unnamed (48).webp,unnamed (48).webp,IMAGENS_MARCUS_REBOQUE/03_SERVICOS/02_CARROS/marcus-reboque-guincho-carro-fortaleza-ce-12.webp,marcus-reboque-guincho-carro-fortaleza-ce-12.webp,04_CARROS,carros,media,horizontal,alto,renomeado_e_organizado,A590EB5953076D3D5028505FE5F174C623322E27D452D718F397869DE74CC100,luz interna e enquadramento fechado
056,Photos-3-001/unnamed (49).webp,unnamed (49).webp,IMAGENS_MARCUS_REBOQUE/99_PENDENTES_DE_REVISAO/CLASSIFICACAO_INCONCLUSA/unnamed (49).webp,unnamed (49).webp,14_PEQUENAS_CARGAS,pequenas cargas,media,quadrada,medio,pendente_movido_sem_renomear,8829BF0A28B3A78770FA94C72387ACBB3FCD990258E803B272DA6F990E84F59E,confianca media na identificacao/categoria registrada na auditoria; validar classificacao visual com responsavel antes de renomear/publicar; tipo exato da carga nao identificado
057,Photos-3-001/unnamed (50).webp,unnamed (50).webp,IMAGENS_MARCUS_REBOQUE/05_CAMINHOES_E_PLATAFORMAS/marcus-reboque-caminhao-plataforma-fortaleza-ce-02.webp,marcus-reboque-caminhao-plataforma-fortaleza-ce-02.webp,15_CAMINHOES_E_PLATAFORMAS,frota / caminhoes e plataformas,media,quadrada,alto,renomeado_e_organizado,7C63C254FE7FB883996F4E49FB46C64C53D58C410BBB3120929004610770A44C,placas e letreiro de terceiro visiveis; usar com cautela
058,Photos-3-001/unnamed (51).webp,unnamed (51).webp,IMAGENS_MARCUS_REBOQUE/03_SERVICOS/02_CARROS/marcus-reboque-guincho-carro-fortaleza-ce-13.webp,marcus-reboque-guincho-carro-fortaleza-ce-13.webp,04_CARROS,carros,media,quadrada,alto,renomeado_e_organizado,C2AAF25F4A47EE9928871F6E3CD12662603A6B4DA8C57AAF9B9E22352D33D92E,possivel mesma sequencia de atendimento do sedan vermelho
059,Photos-3-001/unnamed (52).webp,unnamed (52).webp,IMAGENS_MARCUS_REBOQUE/03_SERVICOS/07_BARCOS_E_JET_SKIS/marcus-reboque-transporte-barco-fortaleza-ce-02.webp,marcus-reboque-transporte-barco-fortaleza-ce-02.webp,09_BARCOS_E_JET_SKIS,barcos e jet skis,media,quadrada,alto,renomeado_e_organizado,01AB48402FD21ED48EE479836919CE2A4028B4AE2056A0BF2628F746701C1AF6,barco bem visivel
060,Photos-3-001/unnamed (53).webp,unnamed (53).webp,IMAGENS_MARCUS_REBOQUE/03_SERVICOS/08_MAQUINAS_AGRICOLAS/marcus-reboque-transporte-maquina-agricola-fortaleza-ce-04.webp,marcus-reboque-transporte-maquina-agricola-fortaleza-ce-04.webp,10_MAQUINAS_AGRICOLAS,maquinas agricolas,media,quadrada,alto,renomeado_e_organizado,1C95857E3DE2885F96F73AE6A7ABC87E3F623BA270DD9B81394C45EF0C3EA9FE,trator claramente identificavel
061,Photos-3-001/unnamed (54).webp,unnamed (54).webp,IMAGENS_MARCUS_REBOQUE/03_SERVICOS/03_CAMINHONETES/marcus-reboque-guincho-caminhonete-fortaleza-ce-07.webp,marcus-reboque-guincho-caminhonete-fortaleza-ce-07.webp,05_CAMINHONETES,caminhonetes,media,quadrada,alto,renomeado_e_organizado,7FBC94F338F387BB6D052BEB8BC3EDD69C560BF5C1BCA159A4CAF35333116964,placa borrada/oculta; enquadramento fechado
062,Photos-3-001/unnamed (55).webp,unnamed (55).webp,IMAGENS_MARCUS_REBOQUE/99_PENDENTES_DE_REVISAO/CLASSIFICACAO_INCONCLUSA/unnamed (55).webp,unnamed (55).webp,03_MOTOS,motos e motocicletas,media,quadrada,medio,pendente_movido_sem_renomear,3112E7913A7113DE0B52F62AD87D6D5AC0CA347EEC647773BDAFF443D48D151D,confianca media na identificacao/categoria registrada na auditoria; validar classificacao visual com responsavel antes de renomear/publicar; motos predominam; ha objeto/veiculo adicional na carga
063,Photos-3-001/unnamed (56).webp,unnamed (56).webp,IMAGENS_MARCUS_REBOQUE/03_SERVICOS/03_CAMINHONETES/marcus-reboque-guincho-caminhonete-fortaleza-ce-08.webp,marcus-reboque-guincho-caminhonete-fortaleza-ce-08.webp,05_CAMINHONETES,caminhonetes,baixa,quadrada,alto,renomeado_e_organizado,E2FC2367E82051279CDDC74B845D42C345168B9018AD5A4A72E9F3F51C97C9B6,veiculo cortado pelo enquadramento
064,Photos-3-001/unnamed (57).webp,unnamed (57).webp,IMAGENS_MARCUS_REBOQUE/02_HERO/marcus-reboque-hero-guincho-caminhonete-fortaleza-ce-03.webp,marcus-reboque-hero-guincho-caminhonete-fortaleza-ce-03.webp,02_HERO,hero,alta,horizontal,alto,renomeado_e_organizado,CF6D980C9015A43AFB9E229A9FFB0C0270C928C6C4ADDB761AF80A464C87AC35,"horizontal, veiculo grande e caminhao bem enquadrados"
065,Photos-3-001/unnamed (58).webp,unnamed (58).webp,IMAGENS_MARCUS_REBOQUE/03_SERVICOS/08_MAQUINAS_AGRICOLAS/marcus-reboque-transporte-maquina-agricola-fortaleza-ce-05.webp,marcus-reboque-transporte-maquina-agricola-fortaleza-ce-05.webp,10_MAQUINAS_AGRICOLAS,maquinas agricolas,alta,quadrada,alto,renomeado_e_organizado,CD882C981ED9D2957A0CF97A91244115948F22B58CA40936A3E50E40BD512D13,"bom registro, mas quadrado; hash similar a #073 por composicao"
066,Photos-3-001/unnamed (59).webp,unnamed (59).webp,IMAGENS_MARCUS_REBOQUE/99_PENDENTES_DE_REVISAO/INADEQUADAS_PUBLICACAO/unnamed (59).webp,unnamed (59).webp,25_INADEQUADAS_PARA_PUBLICACAO,pendente - inadequada para publicacao,baixa,quadrada,alto,pendente_movido_sem_renomear,2B47407CA9F398FC6B42E3A7AACC9E1BC00F3585F5B318CD5665CCED7934972A,inadequada para publicacao direta; manter fora do lote publico; marca de terceiro domina a imagem; marca de terceiro muito proeminente
067,Photos-3-001/unnamed (60).webp,unnamed (60).webp,IMAGENS_MARCUS_REBOQUE/99_PENDENTES_DE_REVISAO/CLASSIFICACAO_INCONCLUSA/unnamed (60).webp,unnamed (60).webp,05_CAMINHONETES,caminhonetes,media,quadrada,medio,pendente_movido_sem_renomear,FBC20C095C80DF138529EC987C5C7271EEF4215B03D445A6D41D3A4BC3A68369,"confianca media na identificacao/categoria registrada na auditoria; validar classificacao visual com responsavel antes de renomear/publicar; parece SUV antigo, mas uso como caminhonete e mais seguro"
068,Photos-3-001/unnamed (61).webp,unnamed (61).webp,IMAGENS_MARCUS_REBOQUE/03_SERVICOS/03_CAMINHONETES/marcus-reboque-guincho-caminhonete-fortaleza-ce-10.webp,marcus-reboque-guincho-caminhonete-fortaleza-ce-10.webp,05_CAMINHONETES,caminhonetes,media,quadrada,alto,renomeado_e_organizado,1B8B3BD7B91F2FE82D2976C558A2ABCDE3871B7C4FF4AAFEFC7B9F5AAE588685,boa visualizacao do veiculo
069,Photos-3-001/unnamed (62).webp,unnamed (62).webp,IMAGENS_MARCUS_REBOQUE/99_PENDENTES_DE_REVISAO/INADEQUADAS_PUBLICACAO/unnamed (62).webp,unnamed (62).webp,25_INADEQUADAS_PARA_PUBLICACAO,pendente - inadequada para publicacao,baixa,quadrada,alto,pendente_movido_sem_renomear,D76A050625704E8E12656B1E06D947EB23595AF47CCEF3736620D3D07A44E823,inadequada para publicacao direta; manter fora do lote publico; viaturas/marcas oficiais em contexto sensivel; marcas oficiais e contexto sensivel de seguranca publica
070,Photos-3-001/unnamed (63).webp,unnamed (63).webp,IMAGENS_MARCUS_REBOQUE/03_SERVICOS/06_VEICULOS_ESPECIAIS/marcus-reboque-transporte-veiculo-especial-fortaleza-ce-02.webp,marcus-reboque-transporte-veiculo-especial-fortaleza-ce-02.webp,08_VEICULOS_ESPECIAIS,veiculos especiais,media,quadrada,alto,renomeado_e_organizado,05D5A7C340358475200A310E4EA8C870D4231FB64B8AD4465F138D290208942A,veiculo especial bem identificado
071,Photos-3-001/unnamed (64).webp,unnamed (64).webp,IMAGENS_MARCUS_REBOQUE/03_SERVICOS/09_VEICULOS_ANTIGOS/marcus-reboque-transporte-veiculo-antigo-fortaleza-ce-03.webp,marcus-reboque-transporte-veiculo-antigo-fortaleza-ce-03.webp,11_VEICULOS_ANTIGOS,veiculos antigos,media,quadrada,alto,renomeado_e_organizado,CB5A8F7E972A4A6C1E94B9526E6A003FA64BD650A63776CD9AB930EA3D404484,veiculo antigo bem caracterizado
072,Photos-3-001/unnamed (65).webp,unnamed (65).webp,IMAGENS_MARCUS_REBOQUE/03_SERVICOS/03_CAMINHONETES/marcus-reboque-guincho-caminhonete-fortaleza-ce-11.webp,marcus-reboque-guincho-caminhonete-fortaleza-ce-11.webp,05_CAMINHONETES,caminhonetes,media,quadrada,alto,renomeado_e_organizado,495C6131424032089E4BB45E764181C2702E6676956DE8137D3FDAA22C072386,boa foto de servico
073,Photos-3-001/unnamed (66).webp,unnamed (66).webp,IMAGENS_MARCUS_REBOQUE/03_SERVICOS/03_CAMINHONETES/marcus-reboque-guincho-caminhonete-fortaleza-ce-12.webp,marcus-reboque-guincho-caminhonete-fortaleza-ce-12.webp,05_CAMINHONETES,caminhonetes,alta,quadrada,alto,renomeado_e_organizado,809680CBA3DB95DE1096C3C02BD2E682BCC745683F110CA6FB8373C406AC4467,boa composicao com cidade ao fundo; hash similar a #065 por composicao
074,Photos-3-001/unnamed (67).webp,unnamed (67).webp,IMAGENS_MARCUS_REBOQUE/99_PENDENTES_DE_REVISAO/CLASSIFICACAO_INCONCLUSA/unnamed (67).webp,unnamed (67).webp,14_PEQUENAS_CARGAS,pequenas cargas,media,quadrada,medio,pendente_movido_sem_renomear,CA496F43B255C10FEE58930457615AC32FFE0A5849152060E8E5ECBD007CDA7E,confianca media na identificacao/categoria registrada na auditoria; validar classificacao visual com responsavel antes de renomear/publicar; marca de terceiro no equipamento; usar com cautela
075,Photos-3-001/unnamed (68).webp,unnamed (68).webp,IMAGENS_MARCUS_REBOQUE/03_SERVICOS/03_CAMINHONETES/marcus-reboque-guincho-caminhonete-fortaleza-ce-13.webp,marcus-reboque-guincho-caminhonete-fortaleza-ce-13.webp,05_CAMINHONETES,caminhonetes,media,quadrada,alto,renomeado_e_organizado,F023135B5BE70FE481C76E6872CE190E6AEBA153D911902D9389C7E4A08AA29A,boa identificacao do servico
076,Photos-3-001/unnamed (69).webp,unnamed (69).webp,IMAGENS_MARCUS_REBOQUE/03_SERVICOS/06_VEICULOS_ESPECIAIS/marcus-reboque-transporte-veiculo-especial-fortaleza-ce-03.webp,marcus-reboque-transporte-veiculo-especial-fortaleza-ce-03.webp,08_VEICULOS_ESPECIAIS,veiculos especiais,media,quadrada,alto,renomeado_e_organizado,285E3F7F14A0E9B7D7BCDB76057794E074A8C386C048AE015F4EE90ED30F5FFF,veiculo especial bem visivel
077,Photos-3-001/unnamed (70).webp,unnamed (70).webp,IMAGENS_MARCUS_REBOQUE/03_SERVICOS/02_CARROS/marcus-reboque-guincho-carro-fortaleza-ce-14.webp,marcus-reboque-guincho-carro-fortaleza-ce-14.webp,04_CARROS,carros,media,quadrada,alto,renomeado_e_organizado,081921529AB536ECAE16AF14317456BC1743DB600AA72D499BCF7FE5BEC43BCA,boa presenca do caminhao
078,Photos-3-001/unnamed (71).webp,unnamed (71).webp,IMAGENS_MARCUS_REBOQUE/03_SERVICOS/02_CARROS/marcus-reboque-guincho-carro-fortaleza-ce-15.webp,marcus-reboque-guincho-carro-fortaleza-ce-15.webp,04_CARROS,carros,media,quadrada,alto,renomeado_e_organizado,EF55E759C3694B4101A15DA4ABBDD738353C4B8B3613B41F4FBD65EE49AF8865,"servico claro, imagem quadrada"
079,Photos-3-001/unnamed (72).webp,unnamed (72).webp,IMAGENS_MARCUS_REBOQUE/03_SERVICOS/03_CAMINHONETES/marcus-reboque-guincho-caminhonete-fortaleza-ce-14.webp,marcus-reboque-guincho-caminhonete-fortaleza-ce-14.webp,05_CAMINHONETES,caminhonetes,alta,quadrada,alto,renomeado_e_organizado,36699B6AEDFE8BEF1350C8F23D54DBAC468B99AD6A1F26CF11C2CB027E138850,bom momento de embarque
080,Photos-3-001/unnamed (73).webp,unnamed (73).webp,IMAGENS_MARCUS_REBOQUE/03_SERVICOS/03_CAMINHONETES/marcus-reboque-guincho-caminhonete-fortaleza-ce-15.webp,marcus-reboque-guincho-caminhonete-fortaleza-ce-15.webp,05_CAMINHONETES,caminhonetes,media,quadrada,alto,renomeado_e_organizado,F7075E340073481919E60ABB12EC8FBCEACDEC2FFB5BBFEAA26FA8E1BAFBBBED,imagem clara do veiculo
081,Photos-3-001/unnamed (74).webp,unnamed (74).webp,IMAGENS_MARCUS_REBOQUE/03_SERVICOS/09_VEICULOS_ANTIGOS/marcus-reboque-transporte-veiculo-antigo-fortaleza-ce-04.webp,marcus-reboque-transporte-veiculo-antigo-fortaleza-ce-04.webp,11_VEICULOS_ANTIGOS,veiculos antigos,alta,quadrada,alto,renomeado_e_organizado,21F0E5D343F09393878F78B06E6EA13904F60D92962B4E7C0C87F9BA010FDCA3,veiculo antigo bem destacado
082,Photos-3-001/unnamed (75).webp,unnamed (75).webp,IMAGENS_MARCUS_REBOQUE/03_SERVICOS/03_CAMINHONETES/marcus-reboque-guincho-caminhonete-fortaleza-ce-16.webp,marcus-reboque-guincho-caminhonete-fortaleza-ce-16.webp,05_CAMINHONETES,caminhonetes,media,quadrada,alto,renomeado_e_organizado,C91A2D63DD3B07AF6F2ECEE1D158227F6F2D8725E4A7C6AF14C719CE07EE8993,"imagem clara, fundo urbano"
083,Photos-3-001/unnamed.webp,unnamed.webp,IMAGENS_MARCUS_REBOQUE/03_SERVICOS/02_CARROS/marcus-reboque-guincho-carro-fortaleza-ce-16.webp,marcus-reboque-guincho-carro-fortaleza-ce-16.webp,04_CARROS,carros,media,quadrada,alto,renomeado_e_organizado,247CBF38742E9CFF11B588A3A2B36FF4E51EC228D16C6F7452564AABCE563704,imagem clara do servico
