id,caminho,nome_arquivo,categoria,pagina_principal,secao_principal,paginas_secundarias,funcao_visual,prioridade,reutilizacao,qualidade,orientacao,alt_text,legenda,titulo_editorial,proporcao_recomendada,largura_recomendada,object_position,comportamento_mobile,status,observacoes
001,IMAGENS_MARCUS_REBOQUE/01_IDENTIDADE_VISUAL/marcus-reboque-logotipo-fortaleza-ce-01.png,marcus-reboque-logotipo-fortaleza-ce-01.png,01_LOGOTIPOS,sobre a Marcus Reboque,"Header, presenca oficial e paginas institucionais",homepage; servicos sem cobertura fotografica; sobre; avaliacoes; contato,institucional,P1,reutilizacao controlada: homepage: Header; homepage: Presenca oficial; homepage: Footer,alta,quadrada,Logotipo da Marcus Reboque 24h com indicacao Fortaleza-CE,,Logotipo Marcus Reboque 24h Fortaleza-CE em fundo,1:1,800 px,center,mesmo arquivo funciona,publicavel,arquivo de marca; preservar proporcao quadrada
002,IMAGENS_MARCUS_REBOQUE/03_SERVICOS/12_PEQUENAS_CARGAS/marcus-reboque-transporte-pequenas-cargas-fortaleza-ce-01.jpg,marcus-reboque-transporte-pequenas-cargas-fortaleza-ce-01.jpg,14_PEQUENAS_CARGAS,transporte programado,Cards de servicos,homepage; transporte de pequenas cargas,card de servico,P1,reutilizacao controlada: homepage: Cards dos tipos de veiculos e servicos; transporte de pequenas cargas: card; transporte programado: imagem principal; limitar usos para evitar repeticao,media,quadrada,Tubos metalicos amarrados sobre caminhao plataforma da Marcus Reboque,Transporte programado de pequenas cargas em plataforma.,Tubos metalicos amarrados sobre plataforma,4:3 ou 1:1,640 px,center,mesmo arquivo funciona,publicavel,carga bem identificavel; amarracao visivel
004,IMAGENS_MARCUS_REBOQUE/03_SERVICOS/02_CARROS/marcus-reboque-guincho-carro-fortaleza-ce-01.jpg,marcus-reboque-guincho-carro-fortaleza-ce-01.jpg,04_CARROS,guincho para carros,Cards de servicos,homepage; servicos,card de servico,P1,reutilizacao controlada: homepage: Cards dos tipos de veiculos e servicos; guincho para carros: card; servicos: secundaria,alta,quadrada,Carro hatch branco transportado em caminhao plataforma da Marcus Reboque,Veiculo transportado em caminhao plataforma da Marcus Reboque.,Carro hatch branco transportado em plataforma,4:3 ou 1:1,640 px,center,mesmo arquivo funciona,publicavel,imagem clara do servico
005,IMAGENS_MARCUS_REBOQUE/03_SERVICOS/02_CARROS/marcus-reboque-guincho-carro-fortaleza-ce-02.jpg,marcus-reboque-guincho-carro-fortaleza-ce-02.jpg,04_CARROS,guincho para carros,Galeria / reserva editorial,nenhuma,galeria,P3,reutilizacao controlada: guincho para carros: galeria,media,quadrada,Sedan vermelho transportado em caminhao plataforma da Marcus Reboque,Veiculo transportado em caminhao plataforma da Marcus Reboque.,Sedan vermelho transportado em plataforma,1:1,800 px,center,mesmo arquivo funciona,publicavel,possivel sequencia de atendimento com sedan vermelho
006,IMAGENS_MARCUS_REBOQUE/03_SERVICOS/04_VANS/marcus-reboque-guincho-van-fortaleza-ce-01.jpg,marcus-reboque-guincho-van-fortaleza-ce-01.jpg,06_VANS,guincho para vans,Cards de servicos,homepage; servicos,card de servico,P1,reutilizacao controlada: homepage: Cards dos tipos de veiculos e servicos; guincho para vans: card; servicos: secundaria,media,quadrada,Van/furgao de servico de saude sobre caminhao plataforma da Marcus Reboque,Veiculo transportado em caminhao plataforma da Marcus Reboque.,Van/furgao de servico de saude sobre plataforma,4:3 ou 1:1,640 px,right center,mesmo arquivo funciona,publicavel,ha marca de terceiro no veiculo transportado; usar com cautela; usar com cautela por marcas/dados de terceiros
007,IMAGENS_MARCUS_REBOQUE/03_SERVICOS/01_MOTOS/marcus-reboque-guincho-moto-fortaleza-ce-01.jpg,marcus-reboque-guincho-moto-fortaleza-ce-01.jpg,03_MOTOS,guincho para motos,Cards de servicos,homepage; servicos,card de servico,P1,reutilizacao controlada: homepage: Cards dos tipos de veiculos e servicos; guincho para motos: card; servicos: secundaria,alta,quadrada,Motocicleta vermelha transportada em caminhao plataforma da Marcus Reboque,Veiculo transportado em caminhao plataforma da Marcus Reboque.,Motocicleta vermelha transportada em plataforma,4:3 ou 1:1,640 px,center,mesmo arquivo funciona,publicavel,moto bem visivel
008,IMAGENS_MARCUS_REBOQUE/03_SERVICOS/01_MOTOS/marcus-reboque-guincho-moto-fortaleza-ce-02.webp,marcus-reboque-guincho-moto-fortaleza-ce-02.webp,03_MOTOS,guincho para motos,Galeria / reserva editorial,auto socorro 24 horas,galeria,P3,reutilizacao controlada: guincho para motos: secundaria; auto socorro 24 horas: card,media,quadrada,Motocicletas transportadas em area coberta/abastecimento,Veiculo transportado em caminhao plataforma da Marcus Reboque.,Motocicletas transportadas em area coberta/abastecimento,1:1,800 px,center,mesmo arquivo funciona,publicavel,luz artificial; bom apoio para servico 24h
010,IMAGENS_MARCUS_REBOQUE/03_SERVICOS/02_CARROS/marcus-reboque-guincho-carro-fortaleza-ce-03.webp,marcus-reboque-guincho-carro-fortaleza-ce-03.webp,04_CARROS,guincho para carros,Galeria / reserva editorial,nenhuma,galeria,P3,reutilizacao controlada: guincho para carros: galeria,media,quadrada,Sedan branco transportado em caminhao plataforma da Marcus Reboque,Veiculo transportado em caminhao plataforma da Marcus Reboque.,Sedan branco transportado em plataforma,1:1,800 px,center,mesmo arquivo funciona,publicavel,bom registro de atendimento diurno
011,IMAGENS_MARCUS_REBOQUE/03_SERVICOS/01_MOTOS/marcus-reboque-guincho-moto-fortaleza-ce-03.webp,marcus-reboque-guincho-moto-fortaleza-ce-03.webp,03_MOTOS,guincho para motos,Galeria / reserva editorial,nenhuma,galeria,P3,reutilizacao controlada: guincho para motos: secundaria; guincho para motos: galeria,media,quadrada,Motocicleta preta sobre caminhao plataforma da Marcus Reboque,Veiculo transportado em caminhao plataforma da Marcus Reboque.,Motocicleta preta sobre plataforma,1:1,800 px,center,mesmo arquivo funciona,publicavel,"imagem clara, com enquadramento central"
012,IMAGENS_MARCUS_REBOQUE/03_SERVICOS/03_CAMINHONETES/marcus-reboque-guincho-caminhonete-fortaleza-ce-01.webp,marcus-reboque-guincho-caminhonete-fortaleza-ce-01.webp,05_CAMINHONETES,guincho para caminhonetes,Galeria / reserva editorial,nenhuma,galeria,P3,reutilizacao controlada: guincho para caminhonetes: galeria,media,quadrada,SUV branco de grande porte sobre caminhao plataforma da Marcus Reboque,Veiculo transportado em caminhao plataforma da Marcus Reboque.,SUV branco de grande porte sobre plataforma,1:1,800 px,center,mesmo arquivo funciona,publicavel,data sobreposta no canto; possivel mesmo atendimento de #023
013,IMAGENS_MARCUS_REBOQUE/03_SERVICOS/09_VEICULOS_ANTIGOS/marcus-reboque-transporte-veiculo-antigo-fortaleza-ce-01.webp,marcus-reboque-transporte-veiculo-antigo-fortaleza-ce-01.webp,11_VEICULOS_ANTIGOS,transporte de veiculos antigos,Cards de servicos,homepage,card de servico,P1,reutilizacao controlada: homepage: Cards dos tipos de veiculos e servicos; transporte de veiculos antigos: card; transporte de veiculos antigos: prova,media,quadrada,Fusca azul antigo transportado em caminhao plataforma da Marcus Reboque,Transporte de veiculo antigo em plataforma.,Fusca azul antigo transportado em plataforma,4:3 ou 1:1,640 px,center,mesmo arquivo funciona,publicavel,veiculo antigo bem caracterizado
014,IMAGENS_MARCUS_REBOQUE/02_HERO/marcus-reboque-hero-guincho-caminhonete-fortaleza-ce-01.webp,marcus-reboque-hero-guincho-caminhonete-fortaleza-ce-01.webp,02_HERO,guincho para caminhonetes,Hero interno / imagem principal,nenhuma,hero interno,P1,reutilizacao controlada: guincho para caminhonetes: secundaria,alta,horizontal,SUV prata sobre caminhao plataforma em area externa da Marcus Reboque,,SUV prata sobre plataforma em area externa,16:9 ou 4:3 controlado,1200 px,center,exige recorte controlado,publicavel,"horizontal, veiculo e caminhonete plataforma claros"
015,IMAGENS_MARCUS_REBOQUE/03_SERVICOS/11_PEQUENOS_CAMINHOES/marcus-reboque-guincho-pequeno-caminhao-fortaleza-ce-01.webp,marcus-reboque-guincho-pequeno-caminhao-fortaleza-ce-01.webp,13_PEQUENOS_CAMINHOES,guincho para pequenos caminhoes,Imagem principal da pagina,nenhuma,imagem principal de pagina,P1,reutilizacao controlada: guincho para pequenos caminhoes: imagem principal; guincho para pequenos caminhoes: Open Graph,alta,horizontal,Pequeno caminhao vermelho transportado em caminhao plataforma da Marcus Reboque,Veiculo transportado em caminhao plataforma da Marcus Reboque.,Pequeno caminhao vermelho transportado em plataforma,16:9 ou 4:3 controlado,1200 px,center,exige recorte controlado,publicavel,"boa composicao horizontal, mas com letreiros de fundo"
017,IMAGENS_MARCUS_REBOQUE/03_SERVICOS/02_CARROS/marcus-reboque-guincho-carro-fortaleza-ce-04.webp,marcus-reboque-guincho-carro-fortaleza-ce-04.webp,04_CARROS,guincho para carros,Galeria / reserva editorial,nenhuma,galeria,P2,reutilizacao controlada: guincho para carros: galeria,alta,quadrada,Sedan vermelho sobre caminhao plataforma com logotipo da empresa no bau da Marcus Reboque,Veiculo transportado em caminhao plataforma da Marcus Reboque.,Sedan vermelho sobre plataforma com logotipo da,1:1,800 px,center,mesmo arquivo funciona,publicavel,boa presenca da marca Marcus Reboque
018,IMAGENS_MARCUS_REBOQUE/03_SERVICOS/03_CAMINHONETES/marcus-reboque-guincho-caminhonete-fortaleza-ce-02.webp,marcus-reboque-guincho-caminhonete-fortaleza-ce-02.webp,05_CAMINHONETES,guincho para caminhonetes,Cards de servicos,homepage; servicos,card de servico,P1,reutilizacao controlada: homepage: Cards dos tipos de veiculos e servicos; guincho para caminhonetes: card; servicos: secundaria,alta,quadrada,SUV/crossover preto sobre caminhao plataforma em posto da Marcus Reboque,Veiculo transportado em caminhao plataforma da Marcus Reboque.,SUV/crossover preto sobre plataforma em posto,4:3 ou 1:1,640 px,center,mesmo arquivo funciona,publicavel,veiculo bem visivel; marca de posto no fundo
019,IMAGENS_MARCUS_REBOQUE/03_SERVICOS/02_CARROS/marcus-reboque-guincho-carro-fortaleza-ce-05.webp,marcus-reboque-guincho-carro-fortaleza-ce-05.webp,04_CARROS,guincho para carros,Reserva visual,nenhuma,galeria,P4,reserva sem reutilizacao prevista,baixa,quadrada,Hatch prata sobre caminhao plataforma em rodovia/area rural da Marcus Reboque,Veiculo transportado em caminhao plataforma da Marcus Reboque.,Hatch prata sobre plataforma em rodovia/area rural,1:1,800 px,center,mesmo arquivo funciona,reserva_publicavel,resolucao/compressao mais baixa
020,IMAGENS_MARCUS_REBOQUE/03_SERVICOS/07_BARCOS_E_JET_SKIS/marcus-reboque-transporte-barco-fortaleza-ce-01.webp,marcus-reboque-transporte-barco-fortaleza-ce-01.webp,09_BARCOS_E_JET_SKIS,transporte de barcos e jet skis,Cards de servicos,homepage; servicos,card de servico,P1,reutilizacao controlada: homepage: Cards dos tipos de veiculos e servicos; transporte de barcos e jet skis: card; transporte de barcos e jet skis: prova; limitar usos para evitar repeticao,media,quadrada,Barco transportado em caminhao plataforma da Marcus Reboque,Barco transportado com apoio de caminhao plataforma.,Barco transportado em plataforma,4:3 ou 1:1,640 px,center,mesmo arquivo funciona,publicavel,"barco visivel, foto contra luz; usar com cautela por marcas/dados de terceiros"
021,IMAGENS_MARCUS_REBOQUE/03_SERVICOS/02_CARROS/marcus-reboque-guincho-carro-fortaleza-ce-06.webp,marcus-reboque-guincho-carro-fortaleza-ce-06.webp,04_CARROS,guincho para carros,Galeria / reserva editorial,homepage,galeria,P2,reutilizacao controlada: homepage: Galeria de atendimentos; guincho para carros: secundaria; homepage: galeria,alta,horizontal,Sedan branco sobre caminhao plataforma da Marcus Reboque,Veiculo transportado em caminhao plataforma da Marcus Reboque.,Sedan branco sobre plataforma,16:9 ou 4:3,800 px,center,mesmo arquivo funciona,publicavel,horizontal e limpa; boa para bloco de servico
022,IMAGENS_MARCUS_REBOQUE/02_HERO/marcus-reboque-hero-guincho-moto-fortaleza-ce-01.webp,marcus-reboque-hero-guincho-moto-fortaleza-ce-01.webp,02_HERO,guincho para motos,Hero interno / imagem principal,nenhuma,hero interno,P1,reutilizacao controlada: guincho para motos: imagem principal; guincho para motos: Open Graph,alta,horizontal,Motocicletas transportadas em plataforma da Marcus Reboque,,Motocicletas transportadas em plataforma,16:9 ou 4:3 controlado,1200 px,center,exige recorte controlado,publicavel,"horizontal, caminh?o e motos claros"
023,IMAGENS_MARCUS_REBOQUE/02_HERO/marcus-reboque-hero-guincho-caminhonete-fortaleza-ce-02.webp,marcus-reboque-hero-guincho-caminhonete-fortaleza-ce-02.webp,02_HERO,guincho para caminhonetes,Hero interno / imagem principal,nenhuma,hero interno,P1,reutilizacao controlada: guincho para caminhonetes: imagem principal; guincho para caminhonetes: Open Graph,alta,horizontal,SUV branco de grande porte sobre caminhao plataforma da Marcus Reboque,,SUV branco de grande porte sobre plataforma,16:9 ou 4:3 controlado,1200 px,center,exige recorte controlado,publicavel,"horizontal, limpo e com boa leitura do veiculo; usar com cautela por marcas/dados de terceiros"
024,IMAGENS_MARCUS_REBOQUE/03_SERVICOS/10_EMPILHADEIRAS/marcus-reboque-transporte-empilhadeira-fortaleza-ce-01.webp,marcus-reboque-transporte-empilhadeira-fortaleza-ce-01.webp,12_EMPILHADEIRAS,transporte de empilhadeiras,Cards de servicos,homepage,card de servico,P1,reutilizacao controlada: homepage: Cards dos tipos de veiculos e servicos; transporte de empilhadeiras: imagem principal; transporte de empilhadeiras: card; limitar usos para evitar repeticao,media,vertical,Empilhadeira transportada em caminhao plataforma da Marcus Reboque,Transporte de empilhadeira em caminhao plataforma.,Empilhadeira transportada em plataforma,4:3 ou 1:1,640 px,center,mesmo arquivo funciona,publicavel,vertical; equipamento bem identificado
025,IMAGENS_MARCUS_REBOQUE/03_SERVICOS/04_VANS/marcus-reboque-guincho-van-fortaleza-ce-02.webp,marcus-reboque-guincho-van-fortaleza-ce-02.webp,06_VANS,guincho para vans,Galeria / reserva editorial,nenhuma,galeria,P3,reutilizacao controlada: guincho para vans: secundaria,media,quadrada,Van de passageiros sobre caminhao plataforma da Marcus Reboque,Veiculo transportado em caminhao plataforma da Marcus Reboque.,Van de passageiros sobre plataforma,1:1,800 px,right center,mesmo arquivo funciona,publicavel,enquadramento fechado
026,IMAGENS_MARCUS_REBOQUE/10_ATENDIMENTOS_REAIS/marcus-reboque-atendimento-real-carro-danificado-fortaleza-ce-01.webp,marcus-reboque-atendimento-real-carro-danificado-fortaleza-ce-01.webp,20_ATENDIMENTOS_REAIS,transporte emergencial,Imagem principal da pagina,homepage,imagem principal de pagina,P1,reutilizacao controlada: homepage: Tipos de atendimento; transporte emergencial: imagem principal; transporte emergencial: Open Graph; limitar usos para evitar repeticao,media,quadrada,Carro danificado em atendimento de guincho com caminhao plataforma,Registro operacional de atendimento real; usar com linguagem cuidadosa.,Carro branco danificado em atendimento de guincho,16:9 ou 4:3 controlado,1200 px,center,mesmo arquivo funciona,publicavel_com_cautela,veiculo batido; nao ha pessoas feridas visiveis; usar com cautela
027,IMAGENS_MARCUS_REBOQUE/03_SERVICOS/04_VANS/marcus-reboque-guincho-van-fortaleza-ce-03.webp,marcus-reboque-guincho-van-fortaleza-ce-03.webp,06_VANS,guincho para vans,Galeria / reserva editorial,nenhuma,galeria,P3,reutilizacao controlada: guincho para vans: prova; guincho para vans: secundaria,media,quadrada,Van de passageiros sendo puxada para plataforma da Marcus Reboque,Veiculo transportado em caminhao plataforma da Marcus Reboque.,Van de passageiros sendo puxada para plataforma,1:1,800 px,right center,mesmo arquivo funciona,publicavel,processo de embarque visivel
028,IMAGENS_MARCUS_REBOQUE/03_SERVICOS/03_CAMINHONETES/marcus-reboque-guincho-caminhonete-fortaleza-ce-03.webp,marcus-reboque-guincho-caminhonete-fortaleza-ce-03.webp,05_CAMINHONETES,homepage,Secao operacional da homepage,guincho para caminhonetes,prova operacional,P2,reutilizacao controlada: homepage: Como funciona; guincho para caminhonetes: secundaria; homepage: secundaria,media,quadrada,SUV prata subindo em prancha inclinada,Veiculo transportado em caminhao plataforma da Marcus Reboque.,SUV prata subindo em prancha inclinada,1:1,800 px,left center,mesmo arquivo funciona,publicavel,"bom registro de embarque, com inclinacao"
029,IMAGENS_MARCUS_REBOQUE/02_HERO/marcus-reboque-hero-guincho-carro-fortaleza-ce-01.webp,marcus-reboque-hero-guincho-carro-fortaleza-ce-01.webp,02_HERO,guincho para carros,Hero interno / imagem principal,nenhuma,hero interno,P1,reutilizacao controlada: guincho para carros: imagem principal; guincho para carros: Open Graph,alta,horizontal,Sedan preto sobre caminhao plataforma em rua residencial da Marcus Reboque,,Sedan preto sobre plataforma em rua residencial,16:9 ou 4:3 controlado,1200 px,center,exige recorte controlado,publicavel,"horizontal, veiculo e plataforma claros"
030,IMAGENS_MARCUS_REBOQUE/03_SERVICOS/02_CARROS/marcus-reboque-guincho-carro-fortaleza-ce-07.webp,marcus-reboque-guincho-carro-fortaleza-ce-07.webp,04_CARROS,guincho para carros,Galeria / reserva editorial,nenhuma,galeria,P2,reutilizacao controlada: guincho para carros: secundaria,alta,horizontal,Hatch vermelho sobre caminhao plataforma da Marcus Reboque,Veiculo transportado em caminhao plataforma da Marcus Reboque.,Hatch vermelho sobre plataforma,16:9 ou 4:3,800 px,center,mesmo arquivo funciona,publicavel,boa foto horizontal
031,IMAGENS_MARCUS_REBOQUE/03_SERVICOS/12_PEQUENAS_CARGAS/marcus-reboque-transporte-pequenas-cargas-fortaleza-ce-02.webp,marcus-reboque-transporte-pequenas-cargas-fortaleza-ce-02.webp,14_PEQUENAS_CARGAS,transporte de pequenas cargas,Imagem principal da pagina,homepage,imagem principal de pagina,P1,reutilizacao controlada: homepage: Galeria de atendimentos; transporte de pequenas cargas: imagem principal; transporte de pequenas cargas: Open Graph; limitar usos para evitar repeticao,media,quadrada,Barras/perfis metalicos transportados em plataforma da Marcus Reboque,Transporte programado de pequenas cargas em plataforma.,Barras/perfis metalicos transportados em plataforma,16:9 ou 4:3 controlado,1200 px,center,mesmo arquivo funciona,publicavel,carga longa e amarrada
032,IMAGENS_MARCUS_REBOQUE/03_SERVICOS/11_PEQUENOS_CAMINHOES/marcus-reboque-guincho-pequeno-caminhao-fortaleza-ce-02.webp,marcus-reboque-guincho-pequeno-caminhao-fortaleza-ce-02.webp,13_PEQUENOS_CAMINHOES,guincho para pequenos caminhoes,Cards de servicos,homepage,card de servico,P1,reutilizacao controlada: homepage: Cards dos tipos de veiculos e servicos; guincho para pequenos caminhoes: card,alta,horizontal,Pequeno caminhao bau sobre caminhao plataforma da Marcus Reboque,Veiculo transportado em caminhao plataforma da Marcus Reboque.,Pequeno caminhao bau sobre plataforma,4:3 ou 1:1,640 px,center,mesmo arquivo funciona,publicavel,"poste parcialmente na frente, mas veiculo claro"
033,IMAGENS_MARCUS_REBOQUE/03_SERVICOS/02_CARROS/marcus-reboque-guincho-carro-fortaleza-ce-08.webp,marcus-reboque-guincho-carro-fortaleza-ce-08.webp,04_CARROS,guincho para carros,Galeria / reserva editorial,nenhuma,galeria,P3,reserva sem reutilizacao prevista,media,quadrada,Carro branco sobre caminhao plataforma com cone de seguranca da Marcus Reboque,Veiculo transportado em caminhao plataforma da Marcus Reboque.,Carro branco sobre plataforma com cone de,1:1,800 px,center,mesmo arquivo funciona,publicavel,enquadramento fechado; usar com cautela por marcas/dados de terceiros
034,IMAGENS_MARCUS_REBOQUE/03_SERVICOS/03_CAMINHONETES/marcus-reboque-guincho-caminhonete-fortaleza-ce-04.webp,marcus-reboque-guincho-caminhonete-fortaleza-ce-04.webp,05_CAMINHONETES,guincho para caminhonetes,Galeria / reserva editorial,nenhuma,galeria,P3,reutilizacao controlada: guincho para caminhonetes: galeria,media,quadrada,SUV/caminhonete preta em prancha inclinada,Veiculo transportado em caminhao plataforma da Marcus Reboque.,SUV/caminhonete preta em prancha inclinada,1:1,800 px,left center,mesmo arquivo funciona,publicavel,imagem inclinada; veiculo claramente visivel
035,IMAGENS_MARCUS_REBOQUE/05_CAMINHOES_E_PLATAFORMAS/marcus-reboque-caminhao-plataforma-fortaleza-ce-01.webp,marcus-reboque-caminhao-plataforma-fortaleza-ce-01.webp,15_CAMINHOES_E_PLATAFORMAS,sobre a Marcus Reboque,Frota e plataforma,guias e conteudos informacionais,equipamento,P3,reutilizacao controlada: guias e conteudos informacionais: imagem principal; guias e conteudos informacionais: Open Graph,media,quadrada,Caminhao plataforma vazio em via urbana da Marcus Reboque,,Caminhao plataforma vazio em via urbana,1:1,800 px,center,mesmo arquivo funciona,publicavel,mostra equipamento de transporte sem veiculo carregado
036,IMAGENS_MARCUS_REBOQUE/03_SERVICOS/01_MOTOS/marcus-reboque-guincho-moto-fortaleza-ce-04.webp,marcus-reboque-guincho-moto-fortaleza-ce-04.webp,03_MOTOS,guincho para motos,Galeria / reserva editorial,homepage,galeria,P2,reutilizacao controlada: homepage: Galeria de atendimentos; guincho para motos: secundaria; guincho para motos: galeria; limitar usos para evitar repeticao,alta,horizontal,Motocicletas sobre caminhao plataforma da Marcus Reboque,Veiculo transportado em caminhao plataforma da Marcus Reboque.,Motocicletas sobre caminhao plataforma,16:9 ou 4:3,800 px,center,mesmo arquivo funciona,publicavel,boa presenca do caminhao e motos
037,IMAGENS_MARCUS_REBOQUE/03_SERVICOS/12_PEQUENAS_CARGAS/marcus-reboque-transporte-pequenas-cargas-fortaleza-ce-03.webp,marcus-reboque-transporte-pequenas-cargas-fortaleza-ce-03.webp,14_PEQUENAS_CARGAS,transporte de pequenas cargas,Galeria / reserva editorial,nenhuma,galeria,P3,reutilizacao controlada: transporte de pequenas cargas: secundaria,media,quadrada,Carga pequena com caixas d agua/tambores e madeiras na plataforma da Marcus Reboque,Transporte programado de pequenas cargas em plataforma.,Carga pequena com caixas d agua/tambores e,1:1,800 px,center,mesmo arquivo funciona,publicavel,carga diversa bem visivel
039,IMAGENS_MARCUS_REBOQUE/03_SERVICOS/04_VANS/marcus-reboque-guincho-van-fortaleza-ce-04.webp,marcus-reboque-guincho-van-fortaleza-ce-04.webp,06_VANS,guincho para vans,Imagem principal da pagina,nenhuma,imagem principal de pagina,P1,reutilizacao controlada: guincho para vans: imagem principal; guincho para vans: Open Graph,alta,horizontal,Minivan/van vermelha sobre caminhao plataforma da Marcus Reboque,Veiculo transportado em caminhao plataforma da Marcus Reboque.,Minivan/van vermelha sobre plataforma,16:9 ou 4:3 controlado,1200 px,center,exige recorte controlado,publicavel,boa foto horizontal
040,IMAGENS_MARCUS_REBOQUE/03_SERVICOS/03_CAMINHONETES/marcus-reboque-guincho-caminhonete-fortaleza-ce-05.webp,marcus-reboque-guincho-caminhonete-fortaleza-ce-05.webp,05_CAMINHONETES,guincho para caminhonetes,Reserva visual,nenhuma,galeria,P4,reserva sem reutilizacao prevista,baixa,quadrada,Picape prata sobre caminhao plataforma em luz baixa da Marcus Reboque,Veiculo transportado em caminhao plataforma da Marcus Reboque.,Picape prata sobre plataforma em luz baixa,1:1,800 px,center,mesmo arquivo funciona,reserva_publicavel,imagem escura e com pouco contraste
041,IMAGENS_MARCUS_REBOQUE/03_SERVICOS/11_PEQUENOS_CAMINHOES/marcus-reboque-guincho-pequeno-caminhao-fortaleza-ce-03.webp,marcus-reboque-guincho-pequeno-caminhao-fortaleza-ce-03.webp,13_PEQUENOS_CAMINHOES,guincho para pequenos caminhoes,Reserva visual,nenhuma,galeria,P4,reutilizacao controlada: guincho para pequenos caminhoes: secundaria,baixa,quadrada,Pequeno caminhao bau transportado sobre caminhao plataforma da Marcus Reboque,Veiculo transportado em caminhao plataforma da Marcus Reboque.,Pequeno caminhao bau transportado sobre plataforma,1:1,800 px,center,mesmo arquivo funciona,reserva_publicavel,resolucao/compressao baixa
042,IMAGENS_MARCUS_REBOQUE/03_SERVICOS/03_CAMINHONETES/marcus-reboque-guincho-caminhonete-fortaleza-ce-06.webp,marcus-reboque-guincho-caminhonete-fortaleza-ce-06.webp,05_CAMINHONETES,guincho para caminhonetes,Galeria / reserva editorial,nenhuma,galeria,P3,reutilizacao controlada: guincho para caminhonetes: galeria,media,quadrada,Picape verde sobre caminhao plataforma em posto da Marcus Reboque,Veiculo transportado em caminhao plataforma da Marcus Reboque.,Picape verde sobre plataforma em posto,1:1,800 px,center,mesmo arquivo funciona,publicavel,veiculo claro; fundo com posto
044,IMAGENS_MARCUS_REBOQUE/03_SERVICOS/01_MOTOS/marcus-reboque-guincho-moto-fortaleza-ce-05.webp,marcus-reboque-guincho-moto-fortaleza-ce-05.webp,03_MOTOS,guincho para motos,Galeria / reserva editorial,nenhuma,galeria,P2,reutilizacao controlada: guincho para motos: prova,alta,quadrada,Motocicleta em caminhao plataforma da Marcus Reboque,Veiculo transportado em caminhao plataforma da Marcus Reboque.,Motocicleta em caminhao plataforma,1:1,800 px,center,mesmo arquivo funciona,publicavel,imagem limpa e clara
046,IMAGENS_MARCUS_REBOQUE/03_SERVICOS/02_CARROS/marcus-reboque-guincho-carro-fortaleza-ce-09.webp,marcus-reboque-guincho-carro-fortaleza-ce-09.webp,04_CARROS,guincho para carros,Galeria / reserva editorial,nenhuma,galeria,P2,reutilizacao controlada: guincho para carros: secundaria,alta,horizontal,Hatch vermelho sobre caminhao plataforma em rua residencial da Marcus Reboque,Veiculo transportado em caminhao plataforma da Marcus Reboque.,Hatch vermelho sobre plataforma em rua residencial,16:9 ou 4:3,800 px,center,mesmo arquivo funciona,publicavel,boa foto horizontal
047,IMAGENS_MARCUS_REBOQUE/03_SERVICOS/02_CARROS/marcus-reboque-guincho-carro-fortaleza-ce-10.webp,marcus-reboque-guincho-carro-fortaleza-ce-10.webp,04_CARROS,guincho para carros,Galeria / reserva editorial,nenhuma,galeria,P2,reutilizacao controlada: guincho para carros: prova,alta,quadrada,Sedan preto sobre caminhao plataforma da Marcus Reboque,Veiculo transportado em caminhao plataforma da Marcus Reboque.,Sedan preto sobre plataforma,1:1,800 px,center,mesmo arquivo funciona,publicavel,veiculo e caminhao bem visiveis
048,IMAGENS_MARCUS_REBOQUE/06_EQUIPAMENTOS_E_FIXACAO/marcus-reboque-equipamentos-fixacao-fortaleza-ce-02.webp,marcus-reboque-equipamentos-fixacao-fortaleza-ce-02.webp,16_EQUIPAMENTOS_E_FIXACAO,guias e conteudos informacionais,Secao operacional da homepage,homepage; transporte de pequenas cargas; servicos,prova operacional,P2,reutilizacao controlada: homepage: Diferenciais; transporte de pequenas cargas: prova; homepage: secundaria; limitar usos para evitar repeticao,media,quadrada,Chapas metalicas amarradas com cinta sobre caminhao plataforma,Fixacao de carga na plataforma antes do transporte.,Chapas/perfis metalicos amarrados na plataforma,1:1,800 px,center,mesmo arquivo funciona,publicavel,amarra??o da carga e cintas visiveis
049,IMAGENS_MARCUS_REBOQUE/03_SERVICOS/02_CARROS/marcus-reboque-guincho-carro-fortaleza-ce-11.webp,marcus-reboque-guincho-carro-fortaleza-ce-11.webp,04_CARROS,guincho para carros,Galeria / reserva editorial,nenhuma,galeria,P3,reserva sem reutilizacao prevista,media,quadrada,Carro esportivo preto/vermelho sobre caminhao plataforma em rodovia da Marcus Reboque,Veiculo transportado em caminhao plataforma da Marcus Reboque.,Carro esportivo preto/vermelho sobre plataforma em rodovia,1:1,800 px,center,mesmo arquivo funciona,publicavel,"angulo superior; bom veiculo, pouco espaco para texto"
050,IMAGENS_MARCUS_REBOQUE/03_SERVICOS/06_VEICULOS_ESPECIAIS/marcus-reboque-transporte-veiculo-especial-fortaleza-ce-01.webp,marcus-reboque-transporte-veiculo-especial-fortaleza-ce-01.webp,08_VEICULOS_ESPECIAIS,transporte de veiculos especiais,Cards de servicos,homepage; servicos,card de servico,P1,reutilizacao controlada: homepage: Cards dos tipos de veiculos e servicos; transporte de veiculos especiais: card; transporte de veiculos especiais: prova; limitar usos para evitar repeticao,media,quadrada,Carrinhos/buggies eletricos transportados em plataforma da Marcus Reboque,Transporte de veiculo especial em plataforma.,Carrinhos/buggies eletricos transportados em plataforma,4:3 ou 1:1,640 px,center,mesmo arquivo funciona,publicavel,marca/letreiro de terceiro ao fundo
052,IMAGENS_MARCUS_REBOQUE/10_ATENDIMENTOS_REAIS/marcus-reboque-atendimento-real-caminhonete-danificada-fortaleza-ce-01.webp,marcus-reboque-atendimento-real-caminhonete-danificada-fortaleza-ce-01.webp,20_ATENDIMENTOS_REAIS,atendimento emergencial na homepage,Secao operacional da homepage,homepage; auto socorro 24 horas; transporte emergencial,prova operacional,P2,reutilizacao controlada: homepage: Atendimento emergencial; auto socorro 24 horas: secundaria; transporte emergencial: card; limitar usos para evitar repeticao,media,horizontal,SUV danificado sobre caminhao plataforma da Marcus Reboque,Registro operacional de atendimento real; usar com linguagem cuidadosa.,SUV escuro danificado transportado em plataforma,16:9 ou 4:3,800 px,center,mesmo arquivo funciona,publicavel_com_cautela,veiculo avariado; usar com cautela
054,IMAGENS_MARCUS_REBOQUE/09_ATENDIMENTO_NOTURNO/marcus-reboque-atendimento-noturno-fortaleza-ce-01.webp,marcus-reboque-atendimento-noturno-fortaleza-ce-01.webp,19_ATENDIMENTO_NOTURNO,auto socorro 24 horas,Imagem principal da pagina,homepage,imagem principal de pagina,P1,reutilizacao controlada: homepage: Tipos de atendimento; auto socorro 24 horas: imagem principal; auto socorro 24 horas: Open Graph; limitar usos para evitar repeticao,media,quadrada,Funcionario da Marcus Reboque junto ao caminhao plataforma em atendimento noturno,Atendimento em luz baixa para reforcar disponibilidade 24h.,Funcionario Marcus Reboque junto ao caminhao em,16:9 ou 4:3 controlado,1200 px,center bottom,mesmo arquivo funciona,publicavel,inclui equipe e caminhao; boa atmosfera para servico 24h
055,IMAGENS_MARCUS_REBOQUE/03_SERVICOS/02_CARROS/marcus-reboque-guincho-carro-fortaleza-ce-12.webp,marcus-reboque-guincho-carro-fortaleza-ce-12.webp,04_CARROS,transporte programado,Secao operacional da homepage,homepage,imagem secundaria,P2,reutilizacao controlada: homepage: Tipos de atendimento; transporte programado: card,media,horizontal,Carro branco sobre caminhao plataforma em oficina/area coberta da Marcus Reboque,Veiculo transportado em caminhao plataforma da Marcus Reboque.,Carro branco sobre plataforma em oficina/area coberta,16:9 ou 4:3,800 px,center,mesmo arquivo funciona,publicavel,luz interna e enquadramento fechado
057,IMAGENS_MARCUS_REBOQUE/05_CAMINHOES_E_PLATAFORMAS/marcus-reboque-caminhao-plataforma-fortaleza-ce-02.webp,marcus-reboque-caminhao-plataforma-fortaleza-ce-02.webp,15_CAMINHOES_E_PLATAFORMAS,sobre a Marcus Reboque,Secao operacional da homepage,homepage,imagem secundaria,P2,reutilizacao controlada: homepage: CTA final; homepage: secundaria; sobre a Marcus Reboque: prova; limitar usos para evitar repeticao,media,quadrada,Caminhao plataforma Marcus Reboque em frente a centro automotivo,,Caminhao plataforma Marcus Reboque em frente a,1:1,800 px,right center,mesmo arquivo funciona,publicavel,placas e letreiro de terceiro visiveis; usar com cautela; usar com cautela por marcas/dados de terceiros
058,IMAGENS_MARCUS_REBOQUE/03_SERVICOS/02_CARROS/marcus-reboque-guincho-carro-fortaleza-ce-13.webp,marcus-reboque-guincho-carro-fortaleza-ce-13.webp,04_CARROS,guincho para carros,Galeria / reserva editorial,nenhuma,galeria,P3,reutilizacao controlada: guincho para carros: galeria,media,quadrada,Sedan vermelho sobre caminhao plataforma da Marcus Reboque,Veiculo transportado em caminhao plataforma da Marcus Reboque.,Sedan vermelho sobre plataforma,1:1,800 px,center,mesmo arquivo funciona,publicavel,possivel mesma sequencia de atendimento do sedan vermelho
059,IMAGENS_MARCUS_REBOQUE/03_SERVICOS/07_BARCOS_E_JET_SKIS/marcus-reboque-transporte-barco-fortaleza-ce-02.webp,marcus-reboque-transporte-barco-fortaleza-ce-02.webp,09_BARCOS_E_JET_SKIS,transporte de barcos e jet skis,Imagem principal da pagina,homepage,imagem principal de pagina,P1,reutilizacao controlada: homepage: Galeria de atendimentos; transporte de barcos e jet skis: imagem principal; transporte de barcos e jet skis: Open Graph; limitar usos para evitar repeticao,media,quadrada,Barco colorido transportado em caminhao plataforma da Marcus Reboque,Barco transportado com apoio de caminhao plataforma.,Barco colorido transportado em plataforma,16:9 ou 4:3 controlado,1200 px,center,mesmo arquivo funciona,publicavel,barco bem visivel
060,IMAGENS_MARCUS_REBOQUE/03_SERVICOS/08_MAQUINAS_AGRICOLAS/marcus-reboque-transporte-maquina-agricola-fortaleza-ce-04.webp,marcus-reboque-transporte-maquina-agricola-fortaleza-ce-04.webp,10_MAQUINAS_AGRICOLAS,transporte de maquinas agricolas,Cards de servicos,homepage,card de servico,P1,reutilizacao controlada: homepage: Cards dos tipos de veiculos e servicos; transporte de maquinas agricolas: card; transporte de maquinas agricolas: prova,media,quadrada,Trator antigo transportado em caminhao plataforma da Marcus Reboque,Maquina transportada em plataforma.,Trator antigo transportado em plataforma,4:3 ou 1:1,640 px,center,mesmo arquivo funciona,publicavel,trator claramente identificavel
061,IMAGENS_MARCUS_REBOQUE/03_SERVICOS/03_CAMINHONETES/marcus-reboque-guincho-caminhonete-fortaleza-ce-07.webp,marcus-reboque-guincho-caminhonete-fortaleza-ce-07.webp,05_CAMINHONETES,guincho para caminhonetes,Galeria / reserva editorial,nenhuma,galeria,P3,reutilizacao controlada: guincho para caminhonetes: prova,media,quadrada,Picape prata subindo em plataforma inclinada da Marcus Reboque,Veiculo transportado em caminhao plataforma da Marcus Reboque.,Picape prata subindo em plataforma inclinada,1:1,800 px,left center,mesmo arquivo funciona,publicavel,placa borrada/oculta; enquadramento fechado
063,IMAGENS_MARCUS_REBOQUE/03_SERVICOS/03_CAMINHONETES/marcus-reboque-guincho-caminhonete-fortaleza-ce-08.webp,marcus-reboque-guincho-caminhonete-fortaleza-ce-08.webp,05_CAMINHONETES,guincho para caminhonetes,Reserva visual,nenhuma,galeria,P4,reserva sem reutilizacao prevista,baixa,quadrada,"SUV branco em plataforma, recorte lateral da Marcus Reboque",Veiculo transportado em caminhao plataforma da Marcus Reboque.,"SUV branco em plataforma, recorte lateral",1:1,800 px,center,mesmo arquivo funciona,reserva_publicavel,veiculo cortado pelo enquadramento
064,IMAGENS_MARCUS_REBOQUE/02_HERO/marcus-reboque-hero-guincho-caminhonete-fortaleza-ce-03.webp,marcus-reboque-hero-guincho-caminhonete-fortaleza-ce-03.webp,02_HERO,homepage,Hero com scroll motion,nenhuma,hero principal,P1,exclusiva,alta,horizontal,Picape cinza transportada em caminhao plataforma da Marcus Reboque,,Picape cinza sobre plataforma em rua,16:9 desktop; 4:5 mobile derivada,1600-1920 px futura derivada,center,exige versao mobile,publicavel,"horizontal, veiculo grande e caminhao bem enquadrados"
065,IMAGENS_MARCUS_REBOQUE/03_SERVICOS/08_MAQUINAS_AGRICOLAS/marcus-reboque-transporte-maquina-agricola-fortaleza-ce-05.webp,marcus-reboque-transporte-maquina-agricola-fortaleza-ce-05.webp,10_MAQUINAS_AGRICOLAS,transporte de maquinas agricolas,Imagem principal da pagina,homepage,imagem principal de pagina,P1,reutilizacao controlada: homepage: Galeria de atendimentos; transporte de maquinas agricolas: imagem principal; transporte de maquinas agricolas: Open Graph; limitar usos para evitar repeticao,alta,quadrada,Trator vermelho sobre caminhao plataforma da Marcus Reboque,Maquina transportada em plataforma.,Trator vermelho sobre caminhao plataforma,16:9 ou 4:3 controlado,1200 px,center,mesmo arquivo funciona,publicavel,"bom registro, mas quadrado; hash similar a #073 por composicao"
068,IMAGENS_MARCUS_REBOQUE/03_SERVICOS/03_CAMINHONETES/marcus-reboque-guincho-caminhonete-fortaleza-ce-10.webp,marcus-reboque-guincho-caminhonete-fortaleza-ce-10.webp,05_CAMINHONETES,guincho para caminhonetes,Galeria / reserva editorial,nenhuma,galeria,P3,reutilizacao controlada: guincho para caminhonetes: galeria,media,quadrada,Picape prata sobre caminhao plataforma da Marcus Reboque,Veiculo transportado em caminhao plataforma da Marcus Reboque.,Picape prata sobre plataforma,1:1,800 px,center,mesmo arquivo funciona,publicavel,boa visualizacao do veiculo
070,IMAGENS_MARCUS_REBOQUE/03_SERVICOS/06_VEICULOS_ESPECIAIS/marcus-reboque-transporte-veiculo-especial-fortaleza-ce-02.webp,marcus-reboque-transporte-veiculo-especial-fortaleza-ce-02.webp,08_VEICULOS_ESPECIAIS,transporte de veiculos especiais,Galeria / reserva editorial,nenhuma,galeria,P3,reutilizacao controlada: transporte de veiculos especiais: secundaria,media,quadrada,Veiculo off-road/UTV sobre caminhao plataforma da Marcus Reboque,Transporte de veiculo especial em plataforma.,Veiculo off-road/UTV sobre plataforma,1:1,800 px,center,mesmo arquivo funciona,publicavel,veiculo especial bem identificado
071,IMAGENS_MARCUS_REBOQUE/03_SERVICOS/09_VEICULOS_ANTIGOS/marcus-reboque-transporte-veiculo-antigo-fortaleza-ce-03.webp,marcus-reboque-transporte-veiculo-antigo-fortaleza-ce-03.webp,11_VEICULOS_ANTIGOS,transporte de veiculos antigos,Galeria / reserva editorial,nenhuma,galeria,P3,reutilizacao controlada: transporte de veiculos antigos: secundaria,media,quadrada,Utilitario antigo verde sobre caminhao plataforma da Marcus Reboque,Transporte de veiculo antigo em plataforma.,Utilitario antigo verde sobre plataforma,1:1,800 px,center,mesmo arquivo funciona,publicavel,veiculo antigo bem caracterizado
072,IMAGENS_MARCUS_REBOQUE/03_SERVICOS/03_CAMINHONETES/marcus-reboque-guincho-caminhonete-fortaleza-ce-11.webp,marcus-reboque-guincho-caminhonete-fortaleza-ce-11.webp,05_CAMINHONETES,guincho para caminhonetes,Galeria / reserva editorial,nenhuma,galeria,P3,reutilizacao controlada: guincho para caminhonetes: galeria,media,quadrada,Picape branca sobre caminhao plataforma em area urbana da Marcus Reboque,Veiculo transportado em caminhao plataforma da Marcus Reboque.,Picape branca sobre plataforma em area urbana,1:1,800 px,center,mesmo arquivo funciona,publicavel,boa foto de servico
073,IMAGENS_MARCUS_REBOQUE/03_SERVICOS/03_CAMINHONETES/marcus-reboque-guincho-caminhonete-fortaleza-ce-12.webp,marcus-reboque-guincho-caminhonete-fortaleza-ce-12.webp,05_CAMINHONETES,areas atendidas,Secao operacional da homepage,homepage,imagem secundaria,P2,reutilizacao controlada: homepage: Areas atendidas; areas atendidas: imagem principal; areas atendidas: Open Graph,alta,quadrada,SUV cinza transportado em caminhao plataforma com area urbana ao fundo,Veiculo transportado em caminhao plataforma da Marcus Reboque.,SUV/crossover cinza sobre caminhao plataforma em via,1:1,800 px,center,mesmo arquivo funciona,publicavel,boa composicao com cidade ao fundo; hash similar a #065 por composicao
075,IMAGENS_MARCUS_REBOQUE/03_SERVICOS/03_CAMINHONETES/marcus-reboque-guincho-caminhonete-fortaleza-ce-13.webp,marcus-reboque-guincho-caminhonete-fortaleza-ce-13.webp,05_CAMINHONETES,guincho para caminhonetes,Galeria / reserva editorial,nenhuma,galeria,P3,reutilizacao controlada: guincho para caminhonetes: galeria,media,quadrada,Picape preta sobre caminhao plataforma em area comercial da Marcus Reboque,Veiculo transportado em caminhao plataforma da Marcus Reboque.,Picape preta sobre plataforma em area comercial,1:1,800 px,center,mesmo arquivo funciona,publicavel,boa identificacao do servico
076,IMAGENS_MARCUS_REBOQUE/03_SERVICOS/06_VEICULOS_ESPECIAIS/marcus-reboque-transporte-veiculo-especial-fortaleza-ce-03.webp,marcus-reboque-transporte-veiculo-especial-fortaleza-ce-03.webp,08_VEICULOS_ESPECIAIS,transporte de veiculos especiais,Imagem principal da pagina,nenhuma,imagem principal de pagina,P1,reutilizacao controlada: transporte de veiculos especiais: imagem principal; transporte de veiculos especiais: Open Graph,media,quadrada,Buggy amarelo sobre caminhao plataforma da Marcus Reboque,Transporte de veiculo especial em plataforma.,Buggy amarelo sobre plataforma,16:9 ou 4:3 controlado,1200 px,center,mesmo arquivo funciona,publicavel,veiculo especial bem visivel
077,IMAGENS_MARCUS_REBOQUE/03_SERVICOS/02_CARROS/marcus-reboque-guincho-carro-fortaleza-ce-14.webp,marcus-reboque-guincho-carro-fortaleza-ce-14.webp,04_CARROS,guincho para carros,Galeria / reserva editorial,nenhuma,galeria,P3,reutilizacao controlada: guincho para carros: galeria,media,quadrada,Monovolume/carro compacto prata sobre caminhao plataforma da Marcus Reboque,Veiculo transportado em caminhao plataforma da Marcus Reboque.,Monovolume/carro compacto prata sobre plataforma,1:1,800 px,center,mesmo arquivo funciona,publicavel,boa presenca do caminhao
078,IMAGENS_MARCUS_REBOQUE/03_SERVICOS/02_CARROS/marcus-reboque-guincho-carro-fortaleza-ce-15.webp,marcus-reboque-guincho-carro-fortaleza-ce-15.webp,04_CARROS,guincho para carros,Galeria / reserva editorial,nenhuma,galeria,P3,reserva sem reutilizacao prevista,media,quadrada,Hatch branco transportado em caminhao plataforma da Marcus Reboque,Veiculo transportado em caminhao plataforma da Marcus Reboque.,Hatch branco transportado em plataforma,1:1,800 px,center,mesmo arquivo funciona,publicavel,"servico claro, imagem quadrada"
079,IMAGENS_MARCUS_REBOQUE/03_SERVICOS/03_CAMINHONETES/marcus-reboque-guincho-caminhonete-fortaleza-ce-14.webp,marcus-reboque-guincho-caminhonete-fortaleza-ce-14.webp,05_CAMINHONETES,guincho para caminhonetes,Galeria / reserva editorial,nenhuma,galeria,P2,reutilizacao controlada: guincho para caminhonetes: secundaria,alta,quadrada,SUV branco sendo carregado na plataforma em area urbana da Marcus Reboque,Veiculo transportado em caminhao plataforma da Marcus Reboque.,SUV branco sendo carregado na plataforma em,1:1,800 px,center,mesmo arquivo funciona,publicavel,bom momento de embarque
080,IMAGENS_MARCUS_REBOQUE/03_SERVICOS/03_CAMINHONETES/marcus-reboque-guincho-caminhonete-fortaleza-ce-15.webp,marcus-reboque-guincho-caminhonete-fortaleza-ce-15.webp,05_CAMINHONETES,guincho para caminhonetes,Galeria / reserva editorial,nenhuma,galeria,P3,reserva sem reutilizacao prevista,media,quadrada,Picape vermelha sobre caminhao plataforma da Marcus Reboque,Veiculo transportado em caminhao plataforma da Marcus Reboque.,Picape vermelha sobre plataforma,1:1,800 px,center,mesmo arquivo funciona,publicavel,imagem clara do veiculo
081,IMAGENS_MARCUS_REBOQUE/03_SERVICOS/09_VEICULOS_ANTIGOS/marcus-reboque-transporte-veiculo-antigo-fortaleza-ce-04.webp,marcus-reboque-transporte-veiculo-antigo-fortaleza-ce-04.webp,11_VEICULOS_ANTIGOS,transporte de veiculos antigos,Imagem principal da pagina,homepage,imagem principal de pagina,P1,reutilizacao controlada: homepage: Galeria de atendimentos; transporte de veiculos antigos: imagem principal; transporte de veiculos antigos: Open Graph; limitar usos para evitar repeticao,alta,quadrada,Perua/station wagon antiga amarela sobre caminhao plataforma da Marcus Reboque,Transporte de veiculo antigo em plataforma.,Perua/station wagon antiga amarela sobre plataforma,16:9 ou 4:3 controlado,1200 px,center,mesmo arquivo funciona,publicavel,veiculo antigo bem destacado
082,IMAGENS_MARCUS_REBOQUE/03_SERVICOS/03_CAMINHONETES/marcus-reboque-guincho-caminhonete-fortaleza-ce-16.webp,marcus-reboque-guincho-caminhonete-fortaleza-ce-16.webp,05_CAMINHONETES,guincho para caminhonetes,Galeria / reserva editorial,nenhuma,galeria,P3,reserva sem reutilizacao prevista,media,quadrada,Picape branca sobre caminhao plataforma da Marcus Reboque,Veiculo transportado em caminhao plataforma da Marcus Reboque.,Picape branca sobre plataforma,1:1,800 px,center,mesmo arquivo funciona,publicavel,"imagem clara, fundo urbano"
083,IMAGENS_MARCUS_REBOQUE/03_SERVICOS/02_CARROS/marcus-reboque-guincho-carro-fortaleza-ce-16.webp,marcus-reboque-guincho-carro-fortaleza-ce-16.webp,04_CARROS,guincho para carros,Galeria / reserva editorial,nenhuma,galeria,P3,reutilizacao controlada: guincho para carros: galeria,media,quadrada,Hatch compacto prata sobre caminhao plataforma da Marcus Reboque,Veiculo transportado em caminhao plataforma da Marcus Reboque.,Hatch compacto prata sobre plataforma,1:1,800 px,center,mesmo arquivo funciona,publicavel,imagem clara do servico
